,fips,county_name,state,to_generate,status,generated_row_count,file_name
0,1000,ALABAMA,,0,1.0,0.0,
1,1001,Autauga County,AL,0,1.0,0.0,
2,1003,Baldwin County,AL,0,1.0,0.0,
3,1005,Barbour County,AL,0,1.0,0.0,
4,1007,Bibb County,AL,0,1.0,0.0,
5,1009,Blount County,AL,0,1.0,0.0,
6,1011,Bullock County,AL,0,1.0,0.0,
7,1013,Butler County,AL,0,1.0,0.0,
8,1015,Calhoun County,AL,0,1.0,0.0,
9,1017,Chambers County,AL,0,1.0,0.0,
10,1019,Cherokee County,AL,0,1.0,0.0,
11,1021,Chilton County,AL,0,1.0,0.0,
12,1023,Choctaw County,AL,0,1.0,0.0,
13,1025,Clarke County,AL,0,1.0,0.0,
14,1027,Clay County,AL,0,1.0,0.0,
15,1029,Cleburne County,AL,0,1.0,0.0,
16,1031,Coffee County,AL,0,1.0,0.0,
17,1033,Colbert County,AL,0,1.0,0.0,
18,1035,Conecuh County,AL,0,1.0,0.0,
19,1037,Coosa County,AL,0,1.0,0.0,
20,1039,Covington County,AL,0,1.0,0.0,
21,1041,Crenshaw County,AL,0,1.0,0.0,
22,1043,Cullman County,AL,0,1.0,0.0,
23,1045,Dale County,AL,0,1.0,0.0,
24,1047,Dallas County,AL,0,1.0,0.0,
25,1049,DeKalb County,AL,0,1.0,0.0,
26,1051,Elmore County,AL,0,1.0,0.0,
27,1053,Escambia County,AL,0,1.0,0.0,
28,1055,Etowah County,AL,0,1.0,0.0,
29,1057,Fayette County,AL,0,1.0,0.0,
30,1059,Franklin County,AL,0,1.0,0.0,
31,1061,Geneva County,AL,0,1.0,0.0,
32,1063,Greene County,AL,0,1.0,0.0,
33,1065,Hale County,AL,0,1.0,0.0,
34,1067,Henry County,AL,0,1.0,0.0,
35,1069,Houston County,AL,0,1.0,0.0,
36,1071,Jackson County,AL,0,1.0,0.0,
37,1073,Jefferson County,AL,0,1.0,0.0,
38,1075,Lamar County,AL,0,1.0,0.0,
39,1077,Lauderdale County,AL,0,1.0,0.0,
40,1079,Lawrence County,AL,0,1.0,0.0,
41,1081,Lee County,AL,0,1.0,0.0,
42,1083,Limestone County,AL,0,1.0,0.0,
43,1085,Lowndes County,AL,0,1.0,0.0,
44,1087,Macon County,AL,0,1.0,0.0,
45,1089,Madison County,AL,0,1.0,0.0,
46,1091,Marengo County,AL,0,1.0,0.0,
47,1093,Marion County,AL,0,1.0,0.0,
48,1095,Marshall County,AL,0,1.0,0.0,
49,1097,Mobile County,AL,0,1.0,0.0,
50,1099,Monroe County,AL,0,1.0,0.0,
51,1101,Montgomery County,AL,0,1.0,0.0,
52,1103,Morgan County,AL,0,1.0,0.0,
53,1105,Perry County,AL,0,1.0,0.0,
54,1107,Pickens County,AL,0,1.0,0.0,
55,1109,Pike County,AL,0,1.0,0.0,
56,1111,Randolph County,AL,0,1.0,0.0,
57,1113,Russell County,AL,0,1.0,0.0,
58,1115,St. Clair County,AL,0,1.0,0.0,
59,1117,Shelby County,AL,0,1.0,0.0,
60,1119,Sumter County,AL,0,1.0,0.0,
61,1121,Talladega County,AL,0,1.0,0.0,
62,1123,Tallapoosa County,AL,0,1.0,0.0,
63,1125,Tuscaloosa County,AL,0,1.0,0.0,
64,1127,Walker County,AL,0,1.0,0.0,
65,1129,Washington County,AL,0,1.0,0.0,
66,1131,Wilcox County,AL,0,1.0,0.0,
67,1133,Winston County,AL,0,1.0,0.0,
68,2000,ALASKA,,0,1.0,0.0,
69,2013,Aleutians East Borough,AK,0,1.0,0.0,
70,2016,Aleutians West Census Area,AK,0,1.0,0.0,
71,2020,Anchorage Municipality,AK,0,1.0,0.0,
72,2050,Bethel Census Area,AK,0,1.0,589.0,Datasets/merged_tp_precip_wind_fmc_2050_Bethel Census Area.csv
73,2060,Bristol Bay Borough,AK,0,1.0,0.0,
74,2068,Denali Borough,AK,0,1.0,0.0,
75,2070,Dillingham Census Area,AK,0,1.0,0.0,
76,2090,Fairbanks North Star Borough,AK,0,1.0,0.0,
77,2100,Haines Borough,AK,0,1.0,0.0,
78,2105,Hoonah-Angoon Census Area,AK,0,1.0,0.0,
79,2110,Juneau City and Borough,AK,0,1.0,0.0,
80,2122,Kenai Peninsula Borough,AK,0,1.0,0.0,
81,2130,Ketchikan Gateway Borough,AK,0,1.0,0.0,
82,2150,Kodiak Island Borough,AK,0,1.0,0.0,
83,2164,Lake and Peninsula Borough,AK,0,1.0,0.0,
84,2170,Matanuska-Susitna Borough,AK,0,1.0,0.0,
85,2180,Nome Census Area,AK,0,1.0,0.0,
86,2185,North Slope Borough,AK,0,1.0,0.0,
87,2188,Northwest Arctic Borough,AK,0,1.0,0.0,
88,2195,Petersburg Borough,AK,0,1.0,0.0,
89,2198,Prince of Wales-Hyder Census Area,AK,0,1.0,0.0,
90,2220,Sitka City and Borough,AK,0,1.0,0.0,
91,2230,Skagway Municipality,AK,0,1.0,0.0,
92,2240,Southeast Fairbanks Census Area,AK,0,1.0,145.0,Datasets/merged_tp_precip_wind_fmc_2240_Southeast Fairbanks Census Area.csv
93,2261,Valdez-Cordova Census Area,AK,0,1.0,0.0,
94,2270,Wade Hampton Census Area,AK,0,1.0,0.0,
95,2275,Wrangell City and Borough,AK,0,1.0,0.0,
96,2282,Yakutat City and Borough,AK,0,1.0,0.0,
97,2290,Yukon-Koyukuk Census Area,AK,0,,,
98,4000,ARIZONA,,0,1.0,0.0,
99,4001,Apache County,AZ,0,1.0,1817.0,Datasets/merged_tp_precip_wind_fmc_4001_Apache County.csv
100,4003,Cochise County,AZ,0,1.0,171.0,Datasets/merged_tp_precip_wind_fmc_4003_Cochise County.csv
101,4005,Coconino County,AZ,0,1.0,12450.0,Datasets/merged_tp_precip_wind_fmc_4005_Coconino County.csv
102,4007,Gila County,AZ,0,1.0,3115.0,Datasets/merged_tp_precip_wind_fmc_4007_Gila County.csv
103,4009,Graham County,AZ,0,1.0,147.0,Datasets/merged_tp_precip_wind_fmc_4009_Graham County.csv
104,4011,Greenlee County,AZ,0,1.0,437.0,Datasets/merged_tp_precip_wind_fmc_4011_Greenlee County.csv
105,4012,La Paz County,AZ,0,1.0,11.0,Datasets/merged_tp_precip_wind_fmc_4012_La Paz County.csv
106,4013,Maricopa County,AZ,0,1.0,252.0,Datasets/merged_tp_precip_wind_fmc_4013_Maricopa County.csv
107,4015,Mohave County,AZ,0,1.0,2730.0,Datasets/merged_tp_precip_wind_fmc_4015_Mohave County.csv
108,4017,Navajo County,AZ,0,1.0,313.0,Datasets/merged_tp_precip_wind_fmc_4017_Navajo County.csv
109,4019,Pima County,AZ,0,1.0,198.0,Datasets/merged_tp_precip_wind_fmc_4019_Pima County.csv
110,4021,Pinal County,AZ,0,1.0,44.0,Datasets/merged_tp_precip_wind_fmc_4021_Pinal County.csv
111,4023,Santa Cruz County,AZ,0,1.0,0.0,
112,4025,Yavapai County,AZ,0,1.0,0.0,
113,4027,Yuma County,AZ,0,1.0,110.0,Datasets/merged_tp_precip_wind_fmc_4027_Yuma County.csv
114,5000,ARKANSAS,,0,1.0,0.0,
115,5001,Arkansas County,AR,0,1.0,0.0,
116,5003,Ashley County,AR,0,1.0,0.0,
117,5005,Baxter County,AR,0,1.0,0.0,
118,5007,Benton County,AR,0,1.0,0.0,
119,5009,Boone County,AR,0,1.0,0.0,
120,5011,Bradley County,AR,0,1.0,0.0,
121,5013,Calhoun County,AR,0,1.0,0.0,
122,5015,Carroll County,AR,0,1.0,0.0,
123,5017,Chicot County,AR,0,1.0,0.0,
124,5019,Clark County,AR,0,1.0,0.0,
125,5021,Clay County,AR,0,1.0,0.0,
126,5023,Cleburne County,AR,0,1.0,0.0,
127,5025,Cleveland County,AR,0,1.0,0.0,
128,5027,Columbia County,AR,0,1.0,0.0,
129,5029,Conway County,AR,0,1.0,0.0,
130,5031,Craighead County,AR,0,1.0,0.0,
131,5033,Crawford County,AR,0,1.0,0.0,
132,5035,Crittenden County,AR,0,1.0,0.0,
133,5037,Cross County,AR,0,1.0,0.0,
134,5039,Dallas County,AR,0,1.0,0.0,
135,5041,Desha County,AR,0,1.0,0.0,
136,5043,Drew County,AR,0,1.0,0.0,
137,5045,Faulkner County,AR,0,1.0,0.0,
138,5047,Franklin County,AR,0,1.0,0.0,
139,5049,Fulton County,AR,0,1.0,0.0,
140,5051,Garland County,AR,0,1.0,0.0,
141,5053,Grant County,AR,0,1.0,0.0,
142,5055,Greene County,AR,0,1.0,0.0,
143,5057,Hempstead County,AR,0,1.0,0.0,
144,5059,Hot Spring County,AR,0,1.0,0.0,
145,5061,Howard County,AR,0,1.0,0.0,
146,5063,Independence County,AR,0,1.0,0.0,
147,5065,Izard County,AR,0,1.0,0.0,
148,5067,Jackson County,AR,0,1.0,0.0,
149,5069,Jefferson County,AR,0,1.0,0.0,
150,5071,Johnson County,AR,0,1.0,0.0,
151,5073,Lafayette County,AR,0,1.0,0.0,
152,5075,Lawrence County,AR,0,1.0,0.0,
153,5077,Lee County,AR,0,1.0,0.0,
154,5079,Lincoln County,AR,0,1.0,0.0,
155,5081,Little River County,AR,0,1.0,0.0,
156,5083,Logan County,AR,0,1.0,0.0,
157,5085,Lonoke County,AR,0,1.0,0.0,
158,5087,Madison County,AR,0,1.0,0.0,
159,5089,Marion County,AR,0,1.0,0.0,
160,5091,Miller County,AR,0,1.0,0.0,
161,5093,Mississippi County,AR,0,1.0,0.0,
162,5095,Monroe County,AR,0,1.0,0.0,
163,5097,Montgomery County,AR,0,1.0,0.0,
164,5099,Nevada County,AR,0,1.0,0.0,
165,5101,Newton County,AR,0,1.0,0.0,
166,5103,Ouachita County,AR,0,1.0,0.0,
167,5105,Perry County,AR,0,1.0,0.0,
168,5107,Phillips County,AR,0,1.0,0.0,
169,5109,Pike County,AR,0,1.0,0.0,
170,5111,Poinsett County,AR,0,1.0,0.0,
171,5113,Polk County,AR,0,1.0,0.0,
172,5115,Pope County,AR,0,1.0,0.0,
173,5117,Prairie County,AR,0,1.0,0.0,
174,5119,Pulaski County,AR,0,1.0,0.0,
175,5121,Randolph County,AR,0,1.0,0.0,
176,5123,St. Francis County,AR,0,1.0,0.0,
177,5125,Saline County,AR,0,1.0,0.0,
178,5127,Scott County,AR,0,1.0,0.0,
179,5129,Searcy County,AR,0,1.0,0.0,
180,5131,Sebastian County,AR,0,1.0,0.0,
181,5133,Sevier County,AR,0,1.0,0.0,
182,5135,Sharp County,AR,0,1.0,0.0,
183,5137,Stone County,AR,0,1.0,0.0,
184,5139,Union County,AR,0,1.0,0.0,
185,5141,Van Buren County,AR,0,1.0,0.0,
186,5143,Washington County,AR,0,1.0,0.0,
187,5145,White County,AR,0,1.0,0.0,
188,5147,Woodruff County,AR,0,1.0,0.0,
189,5149,Yell County,AR,0,1.0,0.0,
190,6000,CALIFORNIA,,0,1.0,0.0,
191,6001,Alameda County,CA,0,1.0,1.0,Datasets/merged_tp_precip_wind_fmc_6001_Alameda County.csv
192,6003,Alpine County,CA,0,1.0,0.0,
193,6005,Amador County,CA,0,1.0,0.0,
194,6007,Butte County,CA,0,1.0,0.0,
195,6009,Calaveras County,CA,0,1.0,0.0,
196,6011,Colusa County,CA,0,1.0,0.0,
197,6013,Contra Costa County,CA,0,1.0,0.0,
198,6015,Del Norte County,CA,0,1.0,0.0,
199,6017,El Dorado County,CA,0,1.0,0.0,
200,6019,Fresno County,CA,0,1.0,666.0,Datasets/merged_tp_precip_wind_fmc_6019_Fresno County.csv
201,6021,Glenn County,CA,0,1.0,32.0,Datasets/merged_tp_precip_wind_fmc_6021_Glenn County.csv
202,6023,Humboldt County,CA,0,1.0,1375.0,Datasets/merged_tp_precip_wind_fmc_6023_Humboldt County.csv
203,6025,Imperial County,CA,0,1.0,48.0,Datasets/merged_tp_precip_wind_fmc_6025_Imperial County.csv
204,6027,Inyo County,CA,0,1.0,277.0,Datasets/merged_tp_precip_wind_fmc_6027_Inyo County.csv
205,6029,Kern County,CA,0,1.0,133.0,Datasets/merged_tp_precip_wind_fmc_6029_Kern County.csv
206,6031,Kings County,CA,0,1.0,0.0,
207,6033,Lake County,CA,0,1.0,0.0,
208,6035,Lassen County,CA,0,1.0,1706.0,Datasets/merged_tp_precip_wind_fmc_6035_Lassen County.csv
209,6037,Los Angeles County,CA,0,1.0,594.0,Datasets/merged_tp_precip_wind_fmc_6037_Los Angeles County.csv
210,6039,Madera County,CA,0,1.0,66.0,Datasets/merged_tp_precip_wind_fmc_6039_Madera County.csv
211,6041,Marin County,CA,0,1.0,0.0,
212,6043,Mariposa County,CA,0,1.0,0.0,
213,6045,Mendocino County,CA,0,1.0,0.0,
214,6047,Merced County,CA,0,1.0,5.0,Datasets/merged_tp_precip_wind_fmc_6047_Merced County.csv
215,6049,Modoc County,CA,0,1.0,3001.0,Datasets/merged_tp_precip_wind_fmc_6049_Modoc County.csv
216,6051,Mono County,CA,0,1.0,1465.0,Datasets/merged_tp_precip_wind_fmc_6051_Mono County.csv
217,6053,Monterey County,CA,0,1.0,43.0,Datasets/merged_tp_precip_wind_fmc_6053_Monterey County.csv
218,6055,Napa County,CA,0,1.0,0.0,
219,6057,Nevada County,CA,0,1.0,0.0,
220,6059,Orange County,CA,0,1.0,4.0,Datasets/merged_tp_precip_wind_fmc_6059_Orange County.csv
221,6061,Placer County,CA,0,1.0,17.0,Datasets/merged_tp_precip_wind_fmc_6061_Placer County.csv
222,6063,Plumas County,CA,0,1.0,1084.0,Datasets/merged_tp_precip_wind_fmc_6063_Plumas County.csv
223,6065,Riverside County,CA,0,1.0,1451.0,Datasets/merged_tp_precip_wind_fmc_6065_Riverside County.csv
224,6067,Sacramento County,CA,0,1.0,4.0,Datasets/merged_tp_precip_wind_fmc_6067_Sacramento County.csv
225,6069,San Benito County,CA,0,1.0,145.0,Datasets/merged_tp_precip_wind_fmc_6069_San Benito County.csv
226,6071,San Bernardino County,CA,0,1.0,0.0,
227,6073,San Diego County,CA,0,1.0,789.0,Datasets/merged_tp_precip_wind_fmc_6073_San Diego County.csv
228,6075,San Francisco County,CA,0,1.0,0.0,
229,6077,San Joaquin County,CA,0,1.0,0.0,
230,6079,San Luis Obispo County,CA,0,1.0,0.0,
231,6081,San Mateo County,CA,0,1.0,0.0,
232,6083,Santa Barbara County,CA,0,1.0,46.0,Datasets/merged_tp_precip_wind_fmc_6083_Santa Barbara County.csv
233,6085,Santa Clara County,CA,0,1.0,5.0,Datasets/merged_tp_precip_wind_fmc_6085_Santa Clara County.csv
234,6087,Santa Cruz County,CA,0,1.0,0.0,
235,6089,Shasta County,CA,0,1.0,458.0,Datasets/merged_tp_precip_wind_fmc_6089_Shasta County.csv
236,6091,Sierra County,CA,0,1.0,0.0,
237,6093,Siskiyou County,CA,0,1.0,245.0,Datasets/merged_tp_precip_wind_fmc_6093_Siskiyou County.csv
238,6095,Solano County,CA,0,1.0,0.0,
239,6097,Sonoma County,CA,0,1.0,0.0,
240,6099,Stanislaus County,CA,0,1.0,6.0,Datasets/merged_tp_precip_wind_fmc_6099_Stanislaus County.csv
241,6101,Sutter County,CA,0,1.0,0.0,
242,6103,Tehama County,CA,0,1.0,62.0,Datasets/merged_tp_precip_wind_fmc_6103_Tehama County.csv
243,6105,Trinity County,CA,0,1.0,2477.0,Datasets/merged_tp_precip_wind_fmc_6105_Trinity County.csv
244,6107,Tulare County,CA,0,1.0,644.0,Datasets/merged_tp_precip_wind_fmc_6107_Tulare County.csv
245,6109,Tuolumne County,CA,0,1.0,1528.0,Datasets/merged_tp_precip_wind_fmc_6109_Tuolumne County.csv
246,6111,Ventura County,CA,0,1.0,0.0,
247,6113,Yolo County,CA,0,1.0,0.0,
248,6115,Yuba County,CA,0,1.0,0.0,
249,8000,COLORADO,,0,1.0,0.0,
250,8001,Adams County,CO,0,1.0,0.0,
251,8003,Alamosa County,CO,0,1.0,0.0,
252,8005,Arapahoe County,CO,0,1.0,0.0,
253,8007,Archuleta County,CO,0,1.0,978.0,Datasets/merged_tp_precip_wind_fmc_8007_Archuleta County.csv
254,8009,Baca County,CO,0,1.0,0.0,
255,8011,Bent County,CO,0,1.0,0.0,
256,8013,Boulder County,CO,0,1.0,190.0,Datasets/merged_tp_precip_wind_fmc_8013_Boulder County.csv
257,8014,Broomfield County,CO,0,1.0,0.0,
258,8015,Chaffee County,CO,0,1.0,165.0,Datasets/merged_tp_precip_wind_fmc_8015_Chaffee County.csv
259,8017,Cheyenne County,CO,0,1.0,0.0,
260,8019,Clear Creek County,CO,0,1.0,0.0,
261,8021,Conejos County,CO,0,1.0,148.0,Datasets/merged_tp_precip_wind_fmc_8021_Conejos County.csv
262,8023,Costilla County,CO,0,1.0,0.0,
263,8025,Crowley County,CO,0,1.0,0.0,
264,8027,Custer County,CO,0,1.0,0.0,
265,8029,Delta County,CO,0,1.0,463.0,Datasets/merged_tp_precip_wind_fmc_8029_Delta County.csv
266,8031,Denver County,CO,0,1.0,0.0,
267,8033,Dolores County,CO,0,1.0,101.0,Datasets/merged_tp_precip_wind_fmc_8033_Dolores County.csv
268,8035,Douglas County,CO,0,1.0,168.0,Datasets/merged_tp_precip_wind_fmc_8035_Douglas County.csv
269,8037,Eagle County,CO,0,1.0,524.0,Datasets/merged_tp_precip_wind_fmc_8037_Eagle County.csv
270,8039,Elbert County,CO,0,1.0,0.0,
271,8041,El Paso County,CO,0,1.0,38.0,Datasets/merged_tp_precip_wind_fmc_8041_El Paso County.csv
272,8043,Fremont County,CO,0,1.0,859.0,Datasets/merged_tp_precip_wind_fmc_8043_Fremont County.csv
273,8045,Garfield County,CO,0,1.0,2733.0,Datasets/merged_tp_precip_wind_fmc_8045_Garfield County.csv
274,8047,Gilpin County,CO,0,1.0,0.0,
275,8049,Grand County,CO,0,1.0,343.0,Datasets/merged_tp_precip_wind_fmc_8049_Grand County.csv
276,8051,Gunnison County,CO,0,1.0,798.0,Datasets/merged_tp_precip_wind_fmc_8051_Gunnison County.csv
277,8053,Hinsdale County,CO,0,1.0,254.0,Datasets/merged_tp_precip_wind_fmc_8053_Hinsdale County.csv
278,8055,Huerfano County,CO,0,1.0,123.0,Datasets/merged_tp_precip_wind_fmc_8055_Huerfano County.csv
279,8057,Jackson County,CO,0,1.0,119.0,Datasets/merged_tp_precip_wind_fmc_8057_Jackson County.csv
280,8059,Jefferson County,CO,0,1.0,150.0,Datasets/merged_tp_precip_wind_fmc_8059_Jefferson County.csv
281,8061,Kiowa County,CO,0,1.0,0.0,
282,8063,Kit Carson County,CO,0,1.0,0.0,
283,8065,Lake County,CO,0,1.0,0.0,
284,8067,La Plata County,CO,0,1.0,515.0,Datasets/merged_tp_precip_wind_fmc_8067_La Plata County.csv
285,8069,Larimer County,CO,0,1.0,584.0,Datasets/merged_tp_precip_wind_fmc_8069_Larimer County.csv
286,8071,Las Animas County,CO,0,1.0,25.0,Datasets/merged_tp_precip_wind_fmc_8071_Las Animas County.csv
287,8073,Lincoln County,CO,0,1.0,0.0,
288,8075,Logan County,CO,0,1.0,0.0,
289,8077,Mesa County,CO,0,1.0,3129.0,Datasets/merged_tp_precip_wind_fmc_8077_Mesa County.csv
290,8079,Mineral County,CO,0,1.0,0.0,
291,8081,Moffat County,CO,0,1.0,1438.0,Datasets/merged_tp_precip_wind_fmc_8081_Moffat County.csv
292,8083,Montezuma County,CO,0,1.0,1087.0,Datasets/merged_tp_precip_wind_fmc_8083_Montezuma County.csv
293,8085,Montrose County,CO,0,1.0,2235.0,Datasets/merged_tp_precip_wind_fmc_8085_Montrose County.csv
294,8087,Morgan County,CO,0,1.0,0.0,
295,8089,Otero County,CO,0,1.0,0.0,
296,8091,Ouray County,CO,0,1.0,0.0,
297,8093,Park County,CO,0,1.0,396.0,Datasets/merged_tp_precip_wind_fmc_8093_Park County.csv
298,8095,Phillips County,CO,0,1.0,0.0,
299,8097,Pitkin County,CO,0,1.0,214.0,Datasets/merged_tp_precip_wind_fmc_8097_Pitkin County.csv
300,8099,Prowers County,CO,0,1.0,0.0,
301,8101,Pueblo County,CO,0,1.0,34.0,Datasets/merged_tp_precip_wind_fmc_8101_Pueblo County.csv
302,8103,Rio Blanco County,CO,0,1.0,4394.0,Datasets/merged_tp_precip_wind_fmc_8103_Rio Blanco County.csv
303,8105,Rio Grande County,CO,0,1.0,113.0,Datasets/merged_tp_precip_wind_fmc_8105_Rio Grande County.csv
304,8107,Routt County,CO,0,1.0,145.0,Datasets/merged_tp_precip_wind_fmc_8107_Routt County.csv
305,8109,Saguache County,CO,0,1.0,213.0,Datasets/merged_tp_precip_wind_fmc_8109_Saguache County.csv
306,8111,San Juan County,CO,0,1.0,21.0,Datasets/merged_tp_precip_wind_fmc_8111_San Juan County.csv
307,8113,San Miguel County,CO,0,1.0,0.0,
308,8115,Sedgwick County,CO,0,1.0,0.0,
309,8117,Summit County,CO,0,1.0,0.0,
310,8119,Teller County,CO,0,1.0,230.0,Datasets/merged_tp_precip_wind_fmc_8119_Teller County.csv
311,8121,Washington County,CO,0,1.0,0.0,
312,8123,Weld County,CO,0,1.0,43.0,Datasets/merged_tp_precip_wind_fmc_8123_Weld County.csv
313,8125,Yuma County,CO,0,1.0,0.0,
314,9000,CONNECTICUT,,0,1.0,0.0,
315,9001,Fairfield County,CT,0,1.0,0.0,
316,9003,Hartford County,CT,0,1.0,0.0,
317,9005,Litchfield County,CT,0,1.0,0.0,
318,9007,Middlesex County,CT,0,1.0,0.0,
319,9009,New Haven County,CT,0,1.0,0.0,
320,9011,New London County,CT,0,1.0,0.0,
321,9013,Tolland County,CT,0,1.0,0.0,
322,9015,Windham County,CT,0,1.0,0.0,
323,10000,DELAWARE,,0,1.0,0.0,
324,10001,Kent County,DE,0,1.0,0.0,
325,10003,New Castle County,DE,0,1.0,0.0,
326,10005,Sussex County,DE,0,1.0,0.0,
327,11000,DISTRICT OF COLUMBIA,,0,1.0,0.0,
328,11001,District of Columbia,DC,0,1.0,0.0,
329,12000,FLORIDA,,0,1.0,0.0,
330,12001,Alachua County,FL,0,1.0,0.0,
331,12003,Baker County,FL,0,1.0,0.0,
332,12005,Bay County,FL,0,1.0,0.0,
333,12007,Bradford County,FL,0,1.0,0.0,
334,12009,Brevard County,FL,0,1.0,0.0,
335,12011,Broward County,FL,0,1.0,0.0,
336,12013,Calhoun County,FL,0,1.0,0.0,
337,12015,Charlotte County,FL,0,1.0,0.0,
338,12017,Citrus County,FL,0,1.0,0.0,
339,12019,Clay County,FL,0,1.0,0.0,
340,12021,Collier County,FL,0,1.0,0.0,
341,12023,Columbia County,FL,0,1.0,0.0,
342,12027,DeSoto County,FL,0,1.0,0.0,
343,12029,Dixie County,FL,0,1.0,0.0,
344,12031,Duval County,FL,0,1.0,0.0,
345,12033,Escambia County,FL,0,1.0,0.0,
346,12035,Flagler County,FL,0,1.0,0.0,
347,12037,Franklin County,FL,0,1.0,0.0,
348,12039,Gadsden County,FL,0,1.0,0.0,
349,12041,Gilchrist County,FL,0,1.0,0.0,
350,12043,Glades County,FL,0,1.0,0.0,
351,12045,Gulf County,FL,0,1.0,0.0,
352,12047,Hamilton County,FL,0,1.0,0.0,
353,12049,Hardee County,FL,0,1.0,0.0,
354,12051,Hendry County,FL,0,1.0,0.0,
355,12053,Hernando County,FL,0,1.0,0.0,
356,12055,Highlands County,FL,0,1.0,0.0,
357,12057,Hillsborough County,FL,0,1.0,0.0,
358,12059,Holmes County,FL,0,1.0,0.0,
359,12061,Indian River County,FL,0,1.0,0.0,
360,12063,Jackson County,FL,0,1.0,0.0,
361,12065,Jefferson County,FL,0,1.0,0.0,
362,12067,Lafayette County,FL,0,1.0,0.0,
363,12069,Lake County,FL,0,1.0,0.0,
364,12071,Lee County,FL,0,1.0,0.0,
365,12073,Leon County,FL,0,1.0,0.0,
366,12075,Levy County,FL,0,1.0,0.0,
367,12077,Liberty County,FL,0,1.0,0.0,
368,12079,Madison County,FL,0,1.0,0.0,
369,12081,Manatee County,FL,0,1.0,0.0,
370,12083,Marion County,FL,0,1.0,0.0,
371,12085,Martin County,FL,0,1.0,0.0,
372,12086,Miami-Dade County,FL,0,1.0,0.0,
373,12087,Monroe County,FL,0,1.0,0.0,
374,12089,Nassau County,FL,0,1.0,0.0,
375,12091,Okaloosa County,FL,0,1.0,0.0,
376,12093,Okeechobee County,FL,0,1.0,0.0,
377,12095,Orange County,FL,0,1.0,0.0,
378,12097,Osceola County,FL,0,1.0,0.0,
379,12099,Palm Beach County,FL,0,1.0,0.0,
380,12101,Pasco County,FL,0,1.0,0.0,
381,12103,Pinellas County,FL,0,1.0,0.0,
382,12105,Polk County,FL,0,1.0,0.0,
383,12107,Putnam County,FL,0,1.0,0.0,
384,12109,St. Johns County,FL,0,1.0,0.0,
385,12111,St. Lucie County,FL,0,1.0,0.0,
386,12113,Santa Rosa County,FL,0,1.0,0.0,
387,12115,Sarasota County,FL,0,1.0,0.0,
388,12117,Seminole County,FL,0,1.0,0.0,
389,12119,Sumter County,FL,0,1.0,0.0,
390,12121,Suwannee County,FL,0,1.0,0.0,
391,12123,Taylor County,FL,0,1.0,0.0,
392,12125,Union County,FL,0,1.0,0.0,
393,12127,Volusia County,FL,0,1.0,0.0,
394,12129,Wakulla County,FL,0,1.0,0.0,
395,12131,Walton County,FL,0,1.0,0.0,
396,12133,Washington County,FL,0,1.0,0.0,
397,13000,GEORGIA,,0,1.0,0.0,
398,13001,Appling County,GA,0,1.0,0.0,
399,13003,Atkinson County,GA,0,1.0,0.0,
400,13005,Bacon County,GA,0,1.0,0.0,
401,13007,Baker County,GA,0,1.0,0.0,
402,13009,Baldwin County,GA,0,1.0,0.0,
403,13011,Banks County,GA,0,1.0,0.0,
404,13013,Barrow County,GA,0,1.0,0.0,
405,13015,Bartow County,GA,0,1.0,0.0,
406,13017,Ben Hill County,GA,0,1.0,0.0,
407,13019,Berrien County,GA,0,1.0,0.0,
408,13021,Bibb County,GA,0,1.0,0.0,
409,13023,Bleckley County,GA,0,1.0,0.0,
410,13025,Brantley County,GA,0,1.0,0.0,
411,13027,Brooks County,GA,0,1.0,0.0,
412,13029,Bryan County,GA,0,1.0,0.0,
413,13031,Bulloch County,GA,0,1.0,0.0,
414,13033,Burke County,GA,0,1.0,0.0,
415,13035,Butts County,GA,0,1.0,0.0,
416,13037,Calhoun County,GA,0,1.0,0.0,
417,13039,Camden County,GA,0,1.0,0.0,
418,13043,Candler County,GA,0,1.0,0.0,
419,13045,Carroll County,GA,0,1.0,0.0,
420,13047,Catoosa County,GA,0,1.0,0.0,
421,13049,Charlton County,GA,0,1.0,0.0,
422,13051,Chatham County,GA,0,1.0,0.0,
423,13053,Chattahoochee County,GA,0,1.0,0.0,
424,13055,Chattooga County,GA,0,1.0,0.0,
425,13057,Cherokee County,GA,0,1.0,0.0,
426,13059,Clarke County,GA,0,1.0,0.0,
427,13061,Clay County,GA,0,1.0,0.0,
428,13063,Clayton County,GA,0,1.0,0.0,
429,13065,Clinch County,GA,0,1.0,0.0,
430,13067,Cobb County,GA,0,1.0,0.0,
431,13069,Coffee County,GA,0,1.0,0.0,
432,13071,Colquitt County,GA,0,1.0,0.0,
433,13073,Columbia County,GA,0,1.0,0.0,
434,13075,Cook County,GA,0,1.0,0.0,
435,13077,Coweta County,GA,0,1.0,0.0,
436,13079,Crawford County,GA,0,1.0,0.0,
437,13081,Crisp County,GA,1,,,
438,13083,Dade County,GA,1,,,
439,13085,Dawson County,GA,1,,,
440,13087,Decatur County,GA,1,,,
441,13089,DeKalb County,GA,1,,,
442,13091,Dodge County,GA,1,,,
443,13093,Dooly County,GA,1,,,
444,13095,Dougherty County,GA,1,,,
445,13097,Douglas County,GA,1,,,
446,13099,Early County,GA,1,,,
447,13101,Echols County,GA,1,,,
448,13103,Effingham County,GA,1,,,
449,13105,Elbert County,GA,1,,,
450,13107,Emanuel County,GA,1,,,
451,13109,Evans County,GA,1,,,
452,13111,Fannin County,GA,1,,,
453,13113,Fayette County,GA,1,,,
454,13115,Floyd County,GA,1,,,
455,13117,Forsyth County,GA,1,,,
456,13119,Franklin County,GA,1,,,
457,13121,Fulton County,GA,1,,,
458,13123,Gilmer County,GA,1,,,
459,13125,Glascock County,GA,1,,,
460,13127,Glynn County,GA,1,,,
461,13129,Gordon County,GA,1,,,
462,13131,Grady County,GA,1,,,
463,13133,Greene County,GA,1,,,
464,13135,Gwinnett County,GA,1,,,
465,13137,Habersham County,GA,1,,,
466,13139,Hall County,GA,1,,,
467,13141,Hancock County,GA,1,,,
468,13143,Haralson County,GA,1,,,
469,13145,Harris County,GA,1,,,
470,13147,Hart County,GA,1,,,
471,13149,Heard County,GA,1,,,
472,13151,Henry County,GA,1,,,
473,13153,Houston County,GA,1,,,
474,13155,Irwin County,GA,1,,,
475,13157,Jackson County,GA,1,,,
476,13159,Jasper County,GA,1,,,
477,13161,Jeff Davis County,GA,1,,,
478,13163,Jefferson County,GA,1,,,
479,13165,Jenkins County,GA,1,,,
480,13167,Johnson County,GA,1,,,
481,13169,Jones County,GA,1,,,
482,13171,Lamar County,GA,1,,,
483,13173,Lanier County,GA,1,,,
484,13175,Laurens County,GA,1,,,
485,13177,Lee County,GA,1,,,
486,13179,Liberty County,GA,1,,,
487,13181,Lincoln County,GA,1,,,
488,13183,Long County,GA,1,,,
489,13185,Lowndes County,GA,1,,,
490,13187,Lumpkin County,GA,1,,,
491,13189,McDuffie County,GA,1,,,
492,13191,McIntosh County,GA,1,,,
493,13193,Macon County,GA,1,,,
494,13195,Madison County,GA,1,,,
495,13197,Marion County,GA,1,,,
496,13199,Meriwether County,GA,1,,,
497,13201,Miller County,GA,1,,,
498,13205,Mitchell County,GA,1,,,
499,13207,Monroe County,GA,1,,,
500,13209,Montgomery County,GA,1,,,
501,13211,Morgan County,GA,1,,,
502,13213,Murray County,GA,1,,,
503,13215,Muscogee County,GA,1,,,
504,13217,Newton County,GA,1,,,
505,13219,Oconee County,GA,1,,,
506,13221,Oglethorpe County,GA,1,,,
507,13223,Paulding County,GA,1,,,
508,13225,Peach County,GA,1,,,
509,13227,Pickens County,GA,1,,,
510,13229,Pierce County,GA,1,,,
511,13231,Pike County,GA,1,,,
512,13233,Polk County,GA,1,,,
513,13235,Pulaski County,GA,1,,,
514,13237,Putnam County,GA,1,,,
515,13239,Quitman County,GA,1,,,
516,13241,Rabun County,GA,1,,,
517,13243,Randolph County,GA,1,,,
518,13245,Richmond County,GA,1,,,
519,13247,Rockdale County,GA,1,,,
520,13249,Schley County,GA,1,,,
521,13251,Screven County,GA,1,,,
522,13253,Seminole County,GA,1,,,
523,13255,Spalding County,GA,1,,,
524,13257,Stephens County,GA,1,,,
525,13259,Stewart County,GA,1,,,
526,13261,Sumter County,GA,1,,,
527,13263,Talbot County,GA,1,,,
528,13265,Taliaferro County,GA,1,,,
529,13267,Tattnall County,GA,1,,,
530,13269,Taylor County,GA,1,,,
531,13271,Telfair County,GA,1,,,
532,13273,Terrell County,GA,1,,,
533,13275,Thomas County,GA,1,,,
534,13277,Tift County,GA,1,,,
535,13279,Toombs County,GA,1,,,
536,13281,Towns County,GA,1,,,
537,13283,Treutlen County,GA,1,,,
538,13285,Troup County,GA,1,,,
539,13287,Turner County,GA,1,,,
540,13289,Twiggs County,GA,1,,,
541,13291,Union County,GA,1,,,
542,13293,Upson County,GA,1,,,
543,13295,Walker County,GA,1,,,
544,13297,Walton County,GA,1,,,
545,13299,Ware County,GA,1,,,
546,13301,Warren County,GA,1,,,
547,13303,Washington County,GA,1,,,
548,13305,Wayne County,GA,1,,,
549,13307,Webster County,GA,1,,,
550,13309,Wheeler County,GA,1,,,
551,13311,White County,GA,1,,,
552,13313,Whitfield County,GA,1,,,
553,13315,Wilcox County,GA,1,,,
554,13317,Wilkes County,GA,1,,,
555,13319,Wilkinson County,GA,1,,,
556,13321,Worth County,GA,1,,,
557,15000,HAWAII,,1,,,
558,15001,Hawaii County,HI,1,,,
559,15003,Honolulu County,HI,1,,,
560,15005,Kalawao County,HI,1,,,
561,15007,Kauai County,HI,1,,,
562,15009,Maui County,HI,1,,,
563,16000,IDAHO,,1,,,
564,16001,Ada County,ID,1,,,
565,16003,Adams County,ID,1,,,
566,16005,Bannock County,ID,1,,,
567,16007,Bear Lake County,ID,1,,,
568,16009,Benewah County,ID,1,,,
569,16011,Bingham County,ID,1,,,
570,16013,Blaine County,ID,1,,,
571,16015,Boise County,ID,1,,,
572,16017,Bonner County,ID,1,,,
573,16019,Bonneville County,ID,1,,,
574,16021,Boundary County,ID,1,,,
575,16023,Butte County,ID,1,,,
576,16025,Camas County,ID,1,,,
577,16027,Canyon County,ID,1,,,
578,16029,Caribou County,ID,1,,,
579,16031,Cassia County,ID,1,,,
580,16033,Clark County,ID,1,,,
581,16035,Clearwater County,ID,1,,,
582,16037,Custer County,ID,1,,,
583,16039,Elmore County,ID,1,,,
584,16041,Franklin County,ID,1,,,
585,16043,Fremont County,ID,1,,,
586,16045,Gem County,ID,1,,,
587,16047,Gooding County,ID,1,,,
588,16049,Idaho County,ID,1,,,
589,16051,Jefferson County,ID,1,,,
590,16053,Jerome County,ID,1,,,
591,16055,Kootenai County,ID,1,,,
592,16057,Latah County,ID,1,,,
593,16059,Lemhi County,ID,1,,,
594,16061,Lewis County,ID,1,,,
595,16063,Lincoln County,ID,1,,,
596,16065,Madison County,ID,1,,,
597,16067,Minidoka County,ID,1,,,
598,16069,Nez Perce County,ID,1,,,
599,16071,Oneida County,ID,1,,,
600,16073,Owyhee County,ID,1,,,
601,16075,Payette County,ID,1,,,
602,16077,Power County,ID,1,,,
603,16079,Shoshone County,ID,1,,,
604,16081,Teton County,ID,1,,,
605,16083,Twin Falls County,ID,1,,,
606,16085,Valley County,ID,1,,,
607,16087,Washington County,ID,1,,,
608,17000,ILLINOIS,,1,,,
609,17001,Adams County,IL,1,,,
610,17003,Alexander County,IL,1,,,
611,17005,Bond County,IL,1,,,
612,17007,Boone County,IL,1,,,
613,17009,Brown County,IL,1,,,
614,17011,Bureau County,IL,1,,,
615,17013,Calhoun County,IL,1,,,
616,17015,Carroll County,IL,1,,,
617,17017,Cass County,IL,1,,,
618,17019,Champaign County,IL,1,,,
619,17021,Christian County,IL,1,,,
620,17023,Clark County,IL,1,,,
621,17025,Clay County,IL,1,,,
622,17027,Clinton County,IL,1,,,
623,17029,Coles County,IL,1,,,
624,17031,Cook County,IL,1,,,
625,17033,Crawford County,IL,1,,,
626,17035,Cumberland County,IL,1,,,
627,17037,DeKalb County,IL,1,,,
628,17039,De Witt County,IL,1,,,
629,17041,Douglas County,IL,1,,,
630,17043,DuPage County,IL,1,,,
631,17045,Edgar County,IL,1,,,
632,17047,Edwards County,IL,1,,,
633,17049,Effingham County,IL,1,,,
634,17051,Fayette County,IL,1,,,
635,17053,Ford County,IL,1,,,
636,17055,Franklin County,IL,1,,,
637,17057,Fulton County,IL,1,,,
638,17059,Gallatin County,IL,1,,,
639,17061,Greene County,IL,1,,,
640,17063,Grundy County,IL,1,,,
641,17065,Hamilton County,IL,1,,,
642,17067,Hancock County,IL,1,,,
643,17069,Hardin County,IL,1,,,
644,17071,Henderson County,IL,1,,,
645,17073,Henry County,IL,1,,,
646,17075,Iroquois County,IL,1,,,
647,17077,Jackson County,IL,1,,,
648,17079,Jasper County,IL,1,,,
649,17081,Jefferson County,IL,1,,,
650,17083,Jersey County,IL,1,,,
651,17085,Jo Daviess County,IL,1,,,
652,17087,Johnson County,IL,1,,,
653,17089,Kane County,IL,1,,,
654,17091,Kankakee County,IL,1,,,
655,17093,Kendall County,IL,1,,,
656,17095,Knox County,IL,1,,,
657,17097,Lake County,IL,1,,,
658,17099,LaSalle County,IL,1,,,
659,17101,Lawrence County,IL,1,,,
660,17103,Lee County,IL,1,,,
661,17105,Livingston County,IL,1,,,
662,17107,Logan County,IL,1,,,
663,17109,McDonough County,IL,1,,,
664,17111,McHenry County,IL,1,,,
665,17113,McLean County,IL,1,,,
666,17115,Macon County,IL,1,,,
667,17117,Macoupin County,IL,1,,,
668,17119,Madison County,IL,1,,,
669,17121,Marion County,IL,1,,,
670,17123,Marshall County,IL,1,,,
671,17125,Mason County,IL,1,,,
672,17127,Massac County,IL,1,,,
673,17129,Menard County,IL,1,,,
674,17131,Mercer County,IL,1,,,
675,17133,Monroe County,IL,1,,,
676,17135,Montgomery County,IL,1,,,
677,17137,Morgan County,IL,1,,,
678,17139,Moultrie County,IL,1,,,
679,17141,Ogle County,IL,1,,,
680,17143,Peoria County,IL,1,,,
681,17145,Perry County,IL,1,,,
682,17147,Piatt County,IL,1,,,
683,17149,Pike County,IL,1,,,
684,17151,Pope County,IL,1,,,
685,17153,Pulaski County,IL,1,,,
686,17155,Putnam County,IL,1,,,
687,17157,Randolph County,IL,1,,,
688,17159,Richland County,IL,1,,,
689,17161,Rock Island County,IL,1,,,
690,17163,St. Clair County,IL,1,,,
691,17165,Saline County,IL,1,,,
692,17167,Sangamon County,IL,1,,,
693,17169,Schuyler County,IL,1,,,
694,17171,Scott County,IL,1,,,
695,17173,Shelby County,IL,1,,,
696,17175,Stark County,IL,1,,,
697,17177,Stephenson County,IL,1,,,
698,17179,Tazewell County,IL,1,,,
699,17181,Union County,IL,1,,,
700,17183,Vermilion County,IL,1,,,
701,17185,Wabash County,IL,1,,,
702,17187,Warren County,IL,1,,,
703,17189,Washington County,IL,1,,,
704,17191,Wayne County,IL,1,,,
705,17193,White County,IL,1,,,
706,17195,Whiteside County,IL,1,,,
707,17197,Will County,IL,1,,,
708,17199,Williamson County,IL,1,,,
709,17201,Winnebago County,IL,1,,,
710,17203,Woodford County,IL,1,,,
711,18000,INDIANA,,1,,,
712,18001,Adams County,IN,1,,,
713,18003,Allen County,IN,1,,,
714,18005,Bartholomew County,IN,1,,,
715,18007,Benton County,IN,1,,,
716,18009,Blackford County,IN,1,,,
717,18011,Boone County,IN,1,,,
718,18013,Brown County,IN,1,,,
719,18015,Carroll County,IN,1,,,
720,18017,Cass County,IN,1,,,
721,18019,Clark County,IN,1,,,
722,18021,Clay County,IN,1,,,
723,18023,Clinton County,IN,1,,,
724,18025,Crawford County,IN,1,,,
725,18027,Daviess County,IN,1,,,
726,18029,Dearborn County,IN,1,,,
727,18031,Decatur County,IN,1,,,
728,18033,DeKalb County,IN,1,,,
729,18035,Delaware County,IN,1,,,
730,18037,Dubois County,IN,1,,,
731,18039,Elkhart County,IN,1,,,
732,18041,Fayette County,IN,1,,,
733,18043,Floyd County,IN,1,,,
734,18045,Fountain County,IN,1,,,
735,18047,Franklin County,IN,1,,,
736,18049,Fulton County,IN,1,,,
737,18051,Gibson County,IN,1,,,
738,18053,Grant County,IN,1,,,
739,18055,Greene County,IN,1,,,
740,18057,Hamilton County,IN,1,,,
741,18059,Hancock County,IN,1,,,
742,18061,Harrison County,IN,1,,,
743,18063,Hendricks County,IN,1,,,
744,18065,Henry County,IN,1,,,
745,18067,Howard County,IN,1,,,
746,18069,Huntington County,IN,1,,,
747,18071,Jackson County,IN,1,,,
748,18073,Jasper County,IN,1,,,
749,18075,Jay County,IN,1,,,
750,18077,Jefferson County,IN,1,,,
751,18079,Jennings County,IN,1,,,
752,18081,Johnson County,IN,1,,,
753,18083,Knox County,IN,1,,,
754,18085,Kosciusko County,IN,1,,,
755,18087,LaGrange County,IN,1,,,
756,18089,Lake County,IN,1,,,
757,18091,LaPorte County,IN,1,,,
758,18093,Lawrence County,IN,1,,,
759,18095,Madison County,IN,1,,,
760,18097,Marion County,IN,1,,,
761,18099,Marshall County,IN,1,,,
762,18101,Martin County,IN,1,,,
763,18103,Miami County,IN,1,,,
764,18105,Monroe County,IN,1,,,
765,18107,Montgomery County,IN,1,,,
766,18109,Morgan County,IN,1,,,
767,18111,Newton County,IN,1,,,
768,18113,Noble County,IN,1,,,
769,18115,Ohio County,IN,1,,,
770,18117,Orange County,IN,1,,,
771,18119,Owen County,IN,1,,,
772,18121,Parke County,IN,1,,,
773,18123,Perry County,IN,1,,,
774,18125,Pike County,IN,1,,,
775,18127,Porter County,IN,1,,,
776,18129,Posey County,IN,1,,,
777,18131,Pulaski County,IN,1,,,
778,18133,Putnam County,IN,1,,,
779,18135,Randolph County,IN,1,,,
780,18137,Ripley County,IN,1,,,
781,18139,Rush County,IN,1,,,
782,18141,St. Joseph County,IN,1,,,
783,18143,Scott County,IN,1,,,
784,18145,Shelby County,IN,1,,,
785,18147,Spencer County,IN,1,,,
786,18149,Starke County,IN,1,,,
787,18151,Steuben County,IN,1,,,
788,18153,Sullivan County,IN,1,,,
789,18155,Switzerland County,IN,1,,,
790,18157,Tippecanoe County,IN,1,,,
791,18159,Tipton County,IN,1,,,
792,18161,Union County,IN,1,,,
793,18163,Vanderburgh County,IN,1,,,
794,18165,Vermillion County,IN,1,,,
795,18167,Vigo County,IN,1,,,
796,18169,Wabash County,IN,1,,,
797,18171,Warren County,IN,1,,,
798,18173,Warrick County,IN,1,,,
799,18175,Washington County,IN,1,,,
800,18177,Wayne County,IN,1,,,
801,18179,Wells County,IN,1,,,
802,18181,White County,IN,1,,,
803,18183,Whitley County,IN,1,,,
804,19000,IOWA,,1,,,
805,19001,Adair County,IA,1,,,
806,19003,Adams County,IA,1,,,
807,19005,Allamakee County,IA,1,,,
808,19007,Appanoose County,IA,1,,,
809,19009,Audubon County,IA,1,,,
810,19011,Benton County,IA,1,,,
811,19013,Black Hawk County,IA,1,,,
812,19015,Boone County,IA,1,,,
813,19017,Bremer County,IA,1,,,
814,19019,Buchanan County,IA,1,,,
815,19021,Buena Vista County,IA,1,,,
816,19023,Butler County,IA,1,,,
817,19025,Calhoun County,IA,1,,,
818,19027,Carroll County,IA,1,,,
819,19029,Cass County,IA,1,,,
820,19031,Cedar County,IA,1,,,
821,19033,Cerro Gordo County,IA,1,,,
822,19035,Cherokee County,IA,1,,,
823,19037,Chickasaw County,IA,1,,,
824,19039,Clarke County,IA,1,,,
825,19041,Clay County,IA,1,,,
826,19043,Clayton County,IA,1,,,
827,19045,Clinton County,IA,1,,,
828,19047,Crawford County,IA,1,,,
829,19049,Dallas County,IA,1,,,
830,19051,Davis County,IA,1,,,
831,19053,Decatur County,IA,1,,,
832,19055,Delaware County,IA,1,,,
833,19057,Des Moines County,IA,1,,,
834,19059,Dickinson County,IA,1,,,
835,19061,Dubuque County,IA,1,,,
836,19063,Emmet County,IA,1,,,
837,19065,Fayette County,IA,1,,,
838,19067,Floyd County,IA,1,,,
839,19069,Franklin County,IA,1,,,
840,19071,Fremont County,IA,1,,,
841,19073,Greene County,IA,1,,,
842,19075,Grundy County,IA,1,,,
843,19077,Guthrie County,IA,1,,,
844,19079,Hamilton County,IA,1,,,
845,19081,Hancock County,IA,1,,,
846,19083,Hardin County,IA,1,,,
847,19085,Harrison County,IA,1,,,
848,19087,Henry County,IA,1,,,
849,19089,Howard County,IA,1,,,
850,19091,Humboldt County,IA,1,,,
851,19093,Ida County,IA,1,,,
852,19095,Iowa County,IA,1,,,
853,19097,Jackson County,IA,1,,,
854,19099,Jasper County,IA,1,,,
855,19101,Jefferson County,IA,1,,,
856,19103,Johnson County,IA,1,,,
857,19105,Jones County,IA,1,,,
858,19107,Keokuk County,IA,1,,,
859,19109,Kossuth County,IA,1,,,
860,19111,Lee County,IA,1,,,
861,19113,Linn County,IA,1,,,
862,19115,Louisa County,IA,1,,,
863,19117,Lucas County,IA,1,,,
864,19119,Lyon County,IA,1,,,
865,19121,Madison County,IA,1,,,
866,19123,Mahaska County,IA,1,,,
867,19125,Marion County,IA,1,,,
868,19127,Marshall County,IA,1,,,
869,19129,Mills County,IA,1,,,
870,19131,Mitchell County,IA,1,,,
871,19133,Monona County,IA,1,,,
872,19135,Monroe County,IA,1,,,
873,19137,Montgomery County,IA,1,,,
874,19139,Muscatine County,IA,1,,,
875,19141,O'Brien County,IA,1,,,
876,19143,Osceola County,IA,1,,,
877,19145,Page County,IA,1,,,
878,19147,Palo Alto County,IA,1,,,
879,19149,Plymouth County,IA,1,,,
880,19151,Pocahontas County,IA,1,,,
881,19153,Polk County,IA,1,,,
882,19155,Pottawattamie County,IA,1,,,
883,19157,Poweshiek County,IA,1,,,
884,19159,Ringgold County,IA,1,,,
885,19161,Sac County,IA,1,,,
886,19163,Scott County,IA,1,,,
887,19165,Shelby County,IA,1,,,
888,19167,Sioux County,IA,1,,,
889,19169,Story County,IA,1,,,
890,19171,Tama County,IA,1,,,
891,19173,Taylor County,IA,1,,,
892,19175,Union County,IA,1,,,
893,19177,Van Buren County,IA,1,,,
894,19179,Wapello County,IA,1,,,
895,19181,Warren County,IA,1,,,
896,19183,Washington County,IA,1,,,
897,19185,Wayne County,IA,1,,,
898,19187,Webster County,IA,1,,,
899,19189,Winnebago County,IA,1,,,
900,19191,Winneshiek County,IA,1,,,
901,19193,Woodbury County,IA,1,,,
902,19195,Worth County,IA,1,,,
903,19197,Wright County,IA,1,,,
904,20000,KANSAS,,1,,,
905,20001,Allen County,KS,1,,,
906,20003,Anderson County,KS,1,,,
907,20005,Atchison County,KS,1,,,
908,20007,Barber County,KS,1,,,
909,20009,Barton County,KS,1,,,
910,20011,Bourbon County,KS,1,,,
911,20013,Brown County,KS,1,,,
912,20015,Butler County,KS,1,,,
913,20017,Chase County,KS,1,,,
914,20019,Chautauqua County,KS,1,,,
915,20021,Cherokee County,KS,1,,,
916,20023,Cheyenne County,KS,1,,,
917,20025,Clark County,KS,1,,,
918,20027,Clay County,KS,1,,,
919,20029,Cloud County,KS,1,,,
920,20031,Coffey County,KS,1,,,
921,20033,Comanche County,KS,1,,,
922,20035,Cowley County,KS,1,,,
923,20037,Crawford County,KS,1,,,
924,20039,Decatur County,KS,1,,,
925,20041,Dickinson County,KS,1,,,
926,20043,Doniphan County,KS,1,,,
927,20045,Douglas County,KS,1,,,
928,20047,Edwards County,KS,1,,,
929,20049,Elk County,KS,1,,,
930,20051,Ellis County,KS,1,,,
931,20053,Ellsworth County,KS,1,,,
932,20055,Finney County,KS,1,,,
933,20057,Ford County,KS,1,,,
934,20059,Franklin County,KS,1,,,
935,20061,Geary County,KS,1,,,
936,20063,Gove County,KS,1,,,
937,20065,Graham County,KS,1,,,
938,20067,Grant County,KS,1,,,
939,20069,Gray County,KS,1,,,
940,20071,Greeley County,KS,1,,,
941,20073,Greenwood County,KS,1,,,
942,20075,Hamilton County,KS,1,,,
943,20077,Harper County,KS,1,,,
944,20079,Harvey County,KS,1,,,
945,20081,Haskell County,KS,1,,,
946,20083,Hodgeman County,KS,1,,,
947,20085,Jackson County,KS,1,,,
948,20087,Jefferson County,KS,1,,,
949,20089,Jewell County,KS,1,,,
950,20091,Johnson County,KS,1,,,
951,20093,Kearny County,KS,1,,,
952,20095,Kingman County,KS,1,,,
953,20097,Kiowa County,KS,1,,,
954,20099,Labette County,KS,1,,,
955,20101,Lane County,KS,1,,,
956,20103,Leavenworth County,KS,1,,,
957,20105,Lincoln County,KS,1,,,
958,20107,Linn County,KS,1,,,
959,20109,Logan County,KS,1,,,
960,20111,Lyon County,KS,1,,,
961,20113,McPherson County,KS,1,,,
962,20115,Marion County,KS,1,,,
963,20117,Marshall County,KS,1,,,
964,20119,Meade County,KS,1,,,
965,20121,Miami County,KS,1,,,
966,20123,Mitchell County,KS,1,,,
967,20125,Montgomery County,KS,1,,,
968,20127,Morris County,KS,1,,,
969,20129,Morton County,KS,1,,,
970,20131,Nemaha County,KS,1,,,
971,20133,Neosho County,KS,1,,,
972,20135,Ness County,KS,1,,,
973,20137,Norton County,KS,1,,,
974,20139,Osage County,KS,1,,,
975,20141,Osborne County,KS,1,,,
976,20143,Ottawa County,KS,1,,,
977,20145,Pawnee County,KS,1,,,
978,20147,Phillips County,KS,1,,,
979,20149,Pottawatomie County,KS,1,,,
980,20151,Pratt County,KS,1,,,
981,20153,Rawlins County,KS,1,,,
982,20155,Reno County,KS,1,,,
983,20157,Republic County,KS,1,,,
984,20159,Rice County,KS,1,,,
985,20161,Riley County,KS,1,,,
986,20163,Rooks County,KS,1,,,
987,20165,Rush County,KS,1,,,
988,20167,Russell County,KS,1,,,
989,20169,Saline County,KS,1,,,
990,20171,Scott County,KS,1,,,
991,20173,Sedgwick County,KS,1,,,
992,20175,Seward County,KS,1,,,
993,20177,Shawnee County,KS,1,,,
994,20179,Sheridan County,KS,1,,,
995,20181,Sherman County,KS,1,,,
996,20183,Smith County,KS,1,,,
997,20185,Stafford County,KS,1,,,
998,20187,Stanton County,KS,1,,,
999,20189,Stevens County,KS,1,,,
1000,20191,Sumner County,KS,1,,,
1001,20193,Thomas County,KS,1,,,
1002,20195,Trego County,KS,1,,,
1003,20197,Wabaunsee County,KS,1,,,
1004,20199,Wallace County,KS,1,,,
1005,20201,Washington County,KS,1,,,
1006,20203,Wichita County,KS,1,,,
1007,20205,Wilson County,KS,1,,,
1008,20207,Woodson County,KS,1,,,
1009,20209,Wyandotte County,KS,1,,,
1010,21000,KENTUCKY,,1,,,
1011,21001,Adair County,KY,1,,,
1012,21003,Allen County,KY,1,,,
1013,21005,Anderson County,KY,1,,,
1014,21007,Ballard County,KY,1,,,
1015,21009,Barren County,KY,1,,,
1016,21011,Bath County,KY,1,,,
1017,21013,Bell County,KY,1,,,
1018,21015,Boone County,KY,1,,,
1019,21017,Bourbon County,KY,1,,,
1020,21019,Boyd County,KY,1,,,
1021,21021,Boyle County,KY,1,,,
1022,21023,Bracken County,KY,1,,,
1023,21025,Breathitt County,KY,1,,,
1024,21027,Breckinridge County,KY,1,,,
1025,21029,Bullitt County,KY,1,,,
1026,21031,Butler County,KY,1,,,
1027,21033,Caldwell County,KY,1,,,
1028,21035,Calloway County,KY,1,,,
1029,21037,Campbell County,KY,1,,,
1030,21039,Carlisle County,KY,1,,,
1031,21041,Carroll County,KY,1,,,
1032,21043,Carter County,KY,1,,,
1033,21045,Casey County,KY,1,,,
1034,21047,Christian County,KY,1,,,
1035,21049,Clark County,KY,1,,,
1036,21051,Clay County,KY,1,,,
1037,21053,Clinton County,KY,1,,,
1038,21055,Crittenden County,KY,1,,,
1039,21057,Cumberland County,KY,1,,,
1040,21059,Daviess County,KY,1,,,
1041,21061,Edmonson County,KY,1,,,
1042,21063,Elliott County,KY,1,,,
1043,21065,Estill County,KY,1,,,
1044,21067,Fayette County,KY,1,,,
1045,21069,Fleming County,KY,1,,,
1046,21071,Floyd County,KY,1,,,
1047,21073,Franklin County,KY,1,,,
1048,21075,Fulton County,KY,1,,,
1049,21077,Gallatin County,KY,1,,,
1050,21079,Garrard County,KY,1,,,
1051,21081,Grant County,KY,1,,,
1052,21083,Graves County,KY,1,,,
1053,21085,Grayson County,KY,1,,,
1054,21087,Green County,KY,1,,,
1055,21089,Greenup County,KY,1,,,
1056,21091,Hancock County,KY,1,,,
1057,21093,Hardin County,KY,1,,,
1058,21095,Harlan County,KY,1,,,
1059,21097,Harrison County,KY,1,,,
1060,21099,Hart County,KY,1,,,
1061,21101,Henderson County,KY,1,,,
1062,21103,Henry County,KY,1,,,
1063,21105,Hickman County,KY,1,,,
1064,21107,Hopkins County,KY,1,,,
1065,21109,Jackson County,KY,1,,,
1066,21111,Jefferson County,KY,1,,,
1067,21113,Jessamine County,KY,1,,,
1068,21115,Johnson County,KY,1,,,
1069,21117,Kenton County,KY,1,,,
1070,21119,Knott County,KY,1,,,
1071,21121,Knox County,KY,1,,,
1072,21123,Larue County,KY,1,,,
1073,21125,Laurel County,KY,1,,,
1074,21127,Lawrence County,KY,1,,,
1075,21129,Lee County,KY,1,,,
1076,21131,Leslie County,KY,1,,,
1077,21133,Letcher County,KY,1,,,
1078,21135,Lewis County,KY,1,,,
1079,21137,Lincoln County,KY,1,,,
1080,21139,Livingston County,KY,1,,,
1081,21141,Logan County,KY,1,,,
1082,21143,Lyon County,KY,1,,,
1083,21145,McCracken County,KY,1,,,
1084,21147,McCreary County,KY,1,,,
1085,21149,McLean County,KY,1,,,
1086,21151,Madison County,KY,1,,,
1087,21153,Magoffin County,KY,1,,,
1088,21155,Marion County,KY,1,,,
1089,21157,Marshall County,KY,1,,,
1090,21159,Martin County,KY,1,,,
1091,21161,Mason County,KY,1,,,
1092,21163,Meade County,KY,1,,,
1093,21165,Menifee County,KY,1,,,
1094,21167,Mercer County,KY,1,,,
1095,21169,Metcalfe County,KY,1,,,
1096,21171,Monroe County,KY,1,,,
1097,21173,Montgomery County,KY,1,,,
1098,21175,Morgan County,KY,1,,,
1099,21177,Muhlenberg County,KY,1,,,
1100,21179,Nelson County,KY,1,,,
1101,21181,Nicholas County,KY,1,,,
1102,21183,Ohio County,KY,1,,,
1103,21185,Oldham County,KY,1,,,
1104,21187,Owen County,KY,1,,,
1105,21189,Owsley County,KY,1,,,
1106,21191,Pendleton County,KY,1,,,
1107,21193,Perry County,KY,1,,,
1108,21195,Pike County,KY,1,,,
1109,21197,Powell County,KY,1,,,
1110,21199,Pulaski County,KY,1,,,
1111,21201,Robertson County,KY,1,,,
1112,21203,Rockcastle County,KY,1,,,
1113,21205,Rowan County,KY,1,,,
1114,21207,Russell County,KY,1,,,
1115,21209,Scott County,KY,1,,,
1116,21211,Shelby County,KY,1,,,
1117,21213,Simpson County,KY,1,,,
1118,21215,Spencer County,KY,1,,,
1119,21217,Taylor County,KY,1,,,
1120,21219,Todd County,KY,1,,,
1121,21221,Trigg County,KY,1,,,
1122,21223,Trimble County,KY,1,,,
1123,21225,Union County,KY,1,,,
1124,21227,Warren County,KY,1,,,
1125,21229,Washington County,KY,1,,,
1126,21231,Wayne County,KY,1,,,
1127,21233,Webster County,KY,1,,,
1128,21235,Whitley County,KY,1,,,
1129,21237,Wolfe County,KY,1,,,
1130,21239,Woodford County,KY,1,,,
1131,22000,LOUISIANA,,1,,,
1132,22001,Acadia Parish,LA,1,,,
1133,22003,Allen Parish,LA,1,,,
1134,22005,Ascension Parish,LA,1,,,
1135,22007,Assumption Parish,LA,1,,,
1136,22009,Avoyelles Parish,LA,1,,,
1137,22011,Beauregard Parish,LA,1,,,
1138,22013,Bienville Parish,LA,1,,,
1139,22015,Bossier Parish,LA,1,,,
1140,22017,Caddo Parish,LA,1,,,
1141,22019,Calcasieu Parish,LA,1,,,
1142,22021,Caldwell Parish,LA,1,,,
1143,22023,Cameron Parish,LA,1,,,
1144,22025,Catahoula Parish,LA,1,,,
1145,22027,Claiborne Parish,LA,1,,,
1146,22029,Concordia Parish,LA,1,,,
1147,22031,De Soto Parish,LA,1,,,
1148,22033,East Baton Rouge Parish,LA,1,,,
1149,22035,East Carroll Parish,LA,1,,,
1150,22037,East Feliciana Parish,LA,1,,,
1151,22039,Evangeline Parish,LA,1,,,
1152,22041,Franklin Parish,LA,1,,,
1153,22043,Grant Parish,LA,1,,,
1154,22045,Iberia Parish,LA,1,,,
1155,22047,Iberville Parish,LA,1,,,
1156,22049,Jackson Parish,LA,1,,,
1157,22051,Jefferson Parish,LA,1,,,
1158,22053,Jefferson Davis Parish,LA,1,,,
1159,22055,Lafayette Parish,LA,1,,,
1160,22057,Lafourche Parish,LA,1,,,
1161,22059,La Salle Parish,LA,1,,,
1162,22061,Lincoln Parish,LA,1,,,
1163,22063,Livingston Parish,LA,1,,,
1164,22065,Madison Parish,LA,1,,,
1165,22067,Morehouse Parish,LA,1,,,
1166,22069,Natchitoches Parish,LA,1,,,
1167,22071,Orleans Parish,LA,1,,,
1168,22073,Ouachita Parish,LA,1,,,
1169,22075,Plaquemines Parish,LA,1,,,
1170,22077,Pointe Coupee Parish,LA,1,,,
1171,22079,Rapides Parish,LA,1,,,
1172,22081,Red River Parish,LA,1,,,
1173,22083,Richland Parish,LA,1,,,
1174,22085,Sabine Parish,LA,1,,,
1175,22087,St. Bernard Parish,LA,1,,,
1176,22089,St. Charles Parish,LA,1,,,
1177,22091,St. Helena Parish,LA,1,,,
1178,22093,St. James Parish,LA,1,,,
1179,22095,St. John the Baptist Parish,LA,1,,,
1180,22097,St. Landry Parish,LA,1,,,
1181,22099,St. Martin Parish,LA,1,,,
1182,22101,St. Mary Parish,LA,1,,,
1183,22103,St. Tammany Parish,LA,1,,,
1184,22105,Tangipahoa Parish,LA,1,,,
1185,22107,Tensas Parish,LA,1,,,
1186,22109,Terrebonne Parish,LA,1,,,
1187,22111,Union Parish,LA,1,,,
1188,22113,Vermilion Parish,LA,1,,,
1189,22115,Vernon Parish,LA,1,,,
1190,22117,Washington Parish,LA,1,,,
1191,22119,Webster Parish,LA,1,,,
1192,22121,West Baton Rouge Parish,LA,1,,,
1193,22123,West Carroll Parish,LA,1,,,
1194,22125,West Feliciana Parish,LA,1,,,
1195,22127,Winn Parish,LA,1,,,
1196,23000,MAINE,,1,,,
1197,23001,Androscoggin County,ME,1,,,
1198,23003,Aroostook County,ME,1,,,
1199,23005,Cumberland County,ME,1,,,
1200,23007,Franklin County,ME,1,,,
1201,23009,Hancock County,ME,1,,,
1202,23011,Kennebec County,ME,1,,,
1203,23013,Knox County,ME,1,,,
1204,23015,Lincoln County,ME,1,,,
1205,23017,Oxford County,ME,1,,,
1206,23019,Penobscot County,ME,1,,,
1207,23021,Piscataquis County,ME,1,,,
1208,23023,Sagadahoc County,ME,1,,,
1209,23025,Somerset County,ME,1,,,
1210,23027,Waldo County,ME,1,,,
1211,23029,Washington County,ME,1,,,
1212,23031,York County,ME,1,,,
1213,24000,MARYLAND,,1,,,
1214,24001,Allegany County,MD,1,,,
1215,24003,Anne Arundel County,MD,1,,,
1216,24005,Baltimore County,MD,1,,,
1217,24009,Calvert County,MD,1,,,
1218,24011,Caroline County,MD,1,,,
1219,24013,Carroll County,MD,1,,,
1220,24015,Cecil County,MD,1,,,
1221,24017,Charles County,MD,1,,,
1222,24019,Dorchester County,MD,1,,,
1223,24021,Frederick County,MD,1,,,
1224,24023,Garrett County,MD,1,,,
1225,24025,Harford County,MD,1,,,
1226,24027,Howard County,MD,1,,,
1227,24029,Kent County,MD,1,,,
1228,24031,Montgomery County,MD,1,,,
1229,24033,Prince George's County,MD,1,,,
1230,24035,Queen Anne's County,MD,1,,,
1231,24037,St. Mary's County,MD,1,,,
1232,24039,Somerset County,MD,1,,,
1233,24041,Talbot County,MD,1,,,
1234,24043,Washington County,MD,1,,,
1235,24045,Wicomico County,MD,1,,,
1236,24047,Worcester County,MD,1,,,
1237,24510,Baltimore city,MD,1,,,
1238,25000,MASSACHUSETTS,,1,,,
1239,25001,Barnstable County,MA,1,,,
1240,25003,Berkshire County,MA,1,,,
1241,25005,Bristol County,MA,1,,,
1242,25007,Dukes County,MA,1,,,
1243,25009,Essex County,MA,1,,,
1244,25011,Franklin County,MA,1,,,
1245,25013,Hampden County,MA,1,,,
1246,25015,Hampshire County,MA,1,,,
1247,25017,Middlesex County,MA,1,,,
1248,25019,Nantucket County,MA,1,,,
1249,25021,Norfolk County,MA,1,,,
1250,25023,Plymouth County,MA,1,,,
1251,25025,Suffolk County,MA,1,,,
1252,25027,Worcester County,MA,1,,,
1253,26000,MICHIGAN,,1,,,
1254,26001,Alcona County,MI,1,,,
1255,26003,Alger County,MI,1,,,
1256,26005,Allegan County,MI,1,,,
1257,26007,Alpena County,MI,1,,,
1258,26009,Antrim County,MI,1,,,
1259,26011,Arenac County,MI,1,,,
1260,26013,Baraga County,MI,1,,,
1261,26015,Barry County,MI,1,,,
1262,26017,Bay County,MI,1,,,
1263,26019,Benzie County,MI,1,,,
1264,26021,Berrien County,MI,1,,,
1265,26023,Branch County,MI,1,,,
1266,26025,Calhoun County,MI,1,,,
1267,26027,Cass County,MI,1,,,
1268,26029,Charlevoix County,MI,1,,,
1269,26031,Cheboygan County,MI,1,,,
1270,26033,Chippewa County,MI,1,,,
1271,26035,Clare County,MI,1,,,
1272,26037,Clinton County,MI,1,,,
1273,26039,Crawford County,MI,1,,,
1274,26041,Delta County,MI,1,,,
1275,26043,Dickinson County,MI,1,,,
1276,26045,Eaton County,MI,1,,,
1277,26047,Emmet County,MI,1,,,
1278,26049,Genesee County,MI,1,,,
1279,26051,Gladwin County,MI,1,,,
1280,26053,Gogebic County,MI,1,,,
1281,26055,Grand Traverse County,MI,1,,,
1282,26057,Gratiot County,MI,1,,,
1283,26059,Hillsdale County,MI,1,,,
1284,26061,Houghton County,MI,1,,,
1285,26063,Huron County,MI,1,,,
1286,26065,Ingham County,MI,1,,,
1287,26067,Ionia County,MI,1,,,
1288,26069,Iosco County,MI,1,,,
1289,26071,Iron County,MI,1,,,
1290,26073,Isabella County,MI,1,,,
1291,26075,Jackson County,MI,1,,,
1292,26077,Kalamazoo County,MI,1,,,
1293,26079,Kalkaska County,MI,1,,,
1294,26081,Kent County,MI,1,,,
1295,26083,Keweenaw County,MI,1,,,
1296,26085,Lake County,MI,1,,,
1297,26087,Lapeer County,MI,1,,,
1298,26089,Leelanau County,MI,1,,,
1299,26091,Lenawee County,MI,1,,,
1300,26093,Livingston County,MI,1,,,
1301,26095,Luce County,MI,1,,,
1302,26097,Mackinac County,MI,1,,,
1303,26099,Macomb County,MI,1,,,
1304,26101,Manistee County,MI,1,,,
1305,26103,Marquette County,MI,1,,,
1306,26105,Mason County,MI,1,,,
1307,26107,Mecosta County,MI,1,,,
1308,26109,Menominee County,MI,1,,,
1309,26111,Midland County,MI,1,,,
1310,26113,Missaukee County,MI,1,,,
1311,26115,Monroe County,MI,1,,,
1312,26117,Montcalm County,MI,1,,,
1313,26119,Montmorency County,MI,1,,,
1314,26121,Muskegon County,MI,1,,,
1315,26123,Newaygo County,MI,1,,,
1316,26125,Oakland County,MI,1,,,
1317,26127,Oceana County,MI,1,,,
1318,26129,Ogemaw County,MI,1,,,
1319,26131,Ontonagon County,MI,1,,,
1320,26133,Osceola County,MI,1,,,
1321,26135,Oscoda County,MI,1,,,
1322,26137,Otsego County,MI,1,,,
1323,26139,Ottawa County,MI,1,,,
1324,26141,Presque Isle County,MI,1,,,
1325,26143,Roscommon County,MI,1,,,
1326,26145,Saginaw County,MI,1,,,
1327,26147,St. Clair County,MI,1,,,
1328,26149,St. Joseph County,MI,1,,,
1329,26151,Sanilac County,MI,1,,,
1330,26153,Schoolcraft County,MI,1,,,
1331,26155,Shiawassee County,MI,1,,,
1332,26157,Tuscola County,MI,1,,,
1333,26159,Van Buren County,MI,1,,,
1334,26161,Washtenaw County,MI,1,,,
1335,26163,Wayne County,MI,1,,,
1336,26165,Wexford County,MI,1,,,
1337,27000,MINNESOTA,,1,,,
1338,27001,Aitkin County,MN,1,,,
1339,27003,Anoka County,MN,1,,,
1340,27005,Becker County,MN,1,,,
1341,27007,Beltrami County,MN,1,,,
1342,27009,Benton County,MN,1,,,
1343,27011,Big Stone County,MN,1,,,
1344,27013,Blue Earth County,MN,1,,,
1345,27015,Brown County,MN,1,,,
1346,27017,Carlton County,MN,1,,,
1347,27019,Carver County,MN,1,,,
1348,27021,Cass County,MN,1,,,
1349,27023,Chippewa County,MN,1,,,
1350,27025,Chisago County,MN,1,,,
1351,27027,Clay County,MN,1,,,
1352,27029,Clearwater County,MN,1,,,
1353,27031,Cook County,MN,1,,,
1354,27033,Cottonwood County,MN,1,,,
1355,27035,Crow Wing County,MN,1,,,
1356,27037,Dakota County,MN,1,,,
1357,27039,Dodge County,MN,1,,,
1358,27041,Douglas County,MN,1,,,
1359,27043,Faribault County,MN,1,,,
1360,27045,Fillmore County,MN,1,,,
1361,27047,Freeborn County,MN,1,,,
1362,27049,Goodhue County,MN,1,,,
1363,27051,Grant County,MN,1,,,
1364,27053,Hennepin County,MN,1,,,
1365,27055,Houston County,MN,1,,,
1366,27057,Hubbard County,MN,1,,,
1367,27059,Isanti County,MN,1,,,
1368,27061,Itasca County,MN,1,,,
1369,27063,Jackson County,MN,1,,,
1370,27065,Kanabec County,MN,1,,,
1371,27067,Kandiyohi County,MN,1,,,
1372,27069,Kittson County,MN,1,,,
1373,27071,Koochiching County,MN,1,,,
1374,27073,Lac qui Parle County,MN,1,,,
1375,27075,Lake County,MN,1,,,
1376,27077,Lake of the Woods County,MN,1,,,
1377,27079,Le Sueur County,MN,1,,,
1378,27081,Lincoln County,MN,1,,,
1379,27083,Lyon County,MN,1,,,
1380,27085,McLeod County,MN,1,,,
1381,27087,Mahnomen County,MN,1,,,
1382,27089,Marshall County,MN,1,,,
1383,27091,Martin County,MN,1,,,
1384,27093,Meeker County,MN,1,,,
1385,27095,Mille Lacs County,MN,1,,,
1386,27097,Morrison County,MN,1,,,
1387,27099,Mower County,MN,1,,,
1388,27101,Murray County,MN,1,,,
1389,27103,Nicollet County,MN,1,,,
1390,27105,Nobles County,MN,1,,,
1391,27107,Norman County,MN,1,,,
1392,27109,Olmsted County,MN,1,,,
1393,27111,Otter Tail County,MN,1,,,
1394,27113,Pennington County,MN,1,,,
1395,27115,Pine County,MN,1,,,
1396,27117,Pipestone County,MN,1,,,
1397,27119,Polk County,MN,1,,,
1398,27121,Pope County,MN,1,,,
1399,27123,Ramsey County,MN,1,,,
1400,27125,Red Lake County,MN,1,,,
1401,27127,Redwood County,MN,1,,,
1402,27129,Renville County,MN,1,,,
1403,27131,Rice County,MN,1,,,
1404,27133,Rock County,MN,1,,,
1405,27135,Roseau County,MN,1,,,
1406,27137,St. Louis County,MN,1,,,
1407,27139,Scott County,MN,1,,,
1408,27141,Sherburne County,MN,1,,,
1409,27143,Sibley County,MN,1,,,
1410,27145,Stearns County,MN,1,,,
1411,27147,Steele County,MN,1,,,
1412,27149,Stevens County,MN,1,,,
1413,27151,Swift County,MN,1,,,
1414,27153,Todd County,MN,1,,,
1415,27155,Traverse County,MN,1,,,
1416,27157,Wabasha County,MN,1,,,
1417,27159,Wadena County,MN,1,,,
1418,27161,Waseca County,MN,1,,,
1419,27163,Washington County,MN,1,,,
1420,27165,Watonwan County,MN,1,,,
1421,27167,Wilkin County,MN,1,,,
1422,27169,Winona County,MN,1,,,
1423,27171,Wright County,MN,1,,,
1424,27173,Yellow Medicine County,MN,1,,,
1425,28000,MISSISSIPPI,,1,,,
1426,28001,Adams County,MS,1,,,
1427,28003,Alcorn County,MS,1,,,
1428,28005,Amite County,MS,1,,,
1429,28007,Attala County,MS,1,,,
1430,28009,Benton County,MS,1,,,
1431,28011,Bolivar County,MS,1,,,
1432,28013,Calhoun County,MS,1,,,
1433,28015,Carroll County,MS,1,,,
1434,28017,Chickasaw County,MS,1,,,
1435,28019,Choctaw County,MS,1,,,
1436,28021,Claiborne County,MS,1,,,
1437,28023,Clarke County,MS,1,,,
1438,28025,Clay County,MS,1,,,
1439,28027,Coahoma County,MS,1,,,
1440,28029,Copiah County,MS,1,,,
1441,28031,Covington County,MS,1,,,
1442,28033,DeSoto County,MS,1,,,
1443,28035,Forrest County,MS,1,,,
1444,28037,Franklin County,MS,1,,,
1445,28039,George County,MS,1,,,
1446,28041,Greene County,MS,1,,,
1447,28043,Grenada County,MS,1,,,
1448,28045,Hancock County,MS,1,,,
1449,28047,Harrison County,MS,1,,,
1450,28049,Hinds County,MS,1,,,
1451,28051,Holmes County,MS,1,,,
1452,28053,Humphreys County,MS,1,,,
1453,28055,Issaquena County,MS,1,,,
1454,28057,Itawamba County,MS,1,,,
1455,28059,Jackson County,MS,1,,,
1456,28061,Jasper County,MS,1,,,
1457,28063,Jefferson County,MS,1,,,
1458,28065,Jefferson Davis County,MS,1,,,
1459,28067,Jones County,MS,1,,,
1460,28069,Kemper County,MS,1,,,
1461,28071,Lafayette County,MS,1,,,
1462,28073,Lamar County,MS,1,,,
1463,28075,Lauderdale County,MS,1,,,
1464,28077,Lawrence County,MS,1,,,
1465,28079,Leake County,MS,1,,,
1466,28081,Lee County,MS,1,,,
1467,28083,Leflore County,MS,1,,,
1468,28085,Lincoln County,MS,1,,,
1469,28087,Lowndes County,MS,1,,,
1470,28089,Madison County,MS,1,,,
1471,28091,Marion County,MS,1,,,
1472,28093,Marshall County,MS,1,,,
1473,28095,Monroe County,MS,1,,,
1474,28097,Montgomery County,MS,1,,,
1475,28099,Neshoba County,MS,1,,,
1476,28101,Newton County,MS,1,,,
1477,28103,Noxubee County,MS,1,,,
1478,28105,Oktibbeha County,MS,1,,,
1479,28107,Panola County,MS,1,,,
1480,28109,Pearl River County,MS,1,,,
1481,28111,Perry County,MS,1,,,
1482,28113,Pike County,MS,1,,,
1483,28115,Pontotoc County,MS,1,,,
1484,28117,Prentiss County,MS,1,,,
1485,28119,Quitman County,MS,1,,,
1486,28121,Rankin County,MS,1,,,
1487,28123,Scott County,MS,1,,,
1488,28125,Sharkey County,MS,1,,,
1489,28127,Simpson County,MS,1,,,
1490,28129,Smith County,MS,1,,,
1491,28131,Stone County,MS,1,,,
1492,28133,Sunflower County,MS,1,,,
1493,28135,Tallahatchie County,MS,1,,,
1494,28137,Tate County,MS,1,,,
1495,28139,Tippah County,MS,1,,,
1496,28141,Tishomingo County,MS,1,,,
1497,28143,Tunica County,MS,1,,,
1498,28145,Union County,MS,1,,,
1499,28147,Walthall County,MS,1,,,
1500,28149,Warren County,MS,1,,,
1501,28151,Washington County,MS,1,,,
1502,28153,Wayne County,MS,1,,,
1503,28155,Webster County,MS,1,,,
1504,28157,Wilkinson County,MS,1,,,
1505,28159,Winston County,MS,1,,,
1506,28161,Yalobusha County,MS,1,,,
1507,28163,Yazoo County,MS,1,,,
1508,29000,MISSOURI,,1,,,
1509,29001,Adair County,MO,1,,,
1510,29003,Andrew County,MO,1,,,
1511,29005,Atchison County,MO,1,,,
1512,29007,Audrain County,MO,1,,,
1513,29009,Barry County,MO,1,,,
1514,29011,Barton County,MO,1,,,
1515,29013,Bates County,MO,1,,,
1516,29015,Benton County,MO,1,,,
1517,29017,Bollinger County,MO,1,,,
1518,29019,Boone County,MO,1,,,
1519,29021,Buchanan County,MO,1,,,
1520,29023,Butler County,MO,1,,,
1521,29025,Caldwell County,MO,1,,,
1522,29027,Callaway County,MO,1,,,
1523,29029,Camden County,MO,1,,,
1524,29031,Cape Girardeau County,MO,1,,,
1525,29033,Carroll County,MO,1,,,
1526,29035,Carter County,MO,1,,,
1527,29037,Cass County,MO,1,,,
1528,29039,Cedar County,MO,1,,,
1529,29041,Chariton County,MO,1,,,
1530,29043,Christian County,MO,1,,,
1531,29045,Clark County,MO,1,,,
1532,29047,Clay County,MO,1,,,
1533,29049,Clinton County,MO,1,,,
1534,29051,Cole County,MO,1,,,
1535,29053,Cooper County,MO,1,,,
1536,29055,Crawford County,MO,1,,,
1537,29057,Dade County,MO,1,,,
1538,29059,Dallas County,MO,1,,,
1539,29061,Daviess County,MO,1,,,
1540,29063,DeKalb County,MO,1,,,
1541,29065,Dent County,MO,1,,,
1542,29067,Douglas County,MO,1,,,
1543,29069,Dunklin County,MO,1,,,
1544,29071,Franklin County,MO,1,,,
1545,29073,Gasconade County,MO,1,,,
1546,29075,Gentry County,MO,1,,,
1547,29077,Greene County,MO,1,,,
1548,29079,Grundy County,MO,1,,,
1549,29081,Harrison County,MO,1,,,
1550,29083,Henry County,MO,1,,,
1551,29085,Hickory County,MO,1,,,
1552,29087,Holt County,MO,1,,,
1553,29089,Howard County,MO,1,,,
1554,29091,Howell County,MO,1,,,
1555,29093,Iron County,MO,1,,,
1556,29095,Jackson County,MO,1,,,
1557,29097,Jasper County,MO,1,,,
1558,29099,Jefferson County,MO,1,,,
1559,29101,Johnson County,MO,1,,,
1560,29103,Knox County,MO,1,,,
1561,29105,Laclede County,MO,1,,,
1562,29107,Lafayette County,MO,1,,,
1563,29109,Lawrence County,MO,1,,,
1564,29111,Lewis County,MO,1,,,
1565,29113,Lincoln County,MO,1,,,
1566,29115,Linn County,MO,1,,,
1567,29117,Livingston County,MO,1,,,
1568,29119,McDonald County,MO,1,,,
1569,29121,Macon County,MO,1,,,
1570,29123,Madison County,MO,1,,,
1571,29125,Maries County,MO,1,,,
1572,29127,Marion County,MO,1,,,
1573,29129,Mercer County,MO,1,,,
1574,29131,Miller County,MO,1,,,
1575,29133,Mississippi County,MO,1,,,
1576,29135,Moniteau County,MO,1,,,
1577,29137,Monroe County,MO,1,,,
1578,29139,Montgomery County,MO,1,,,
1579,29141,Morgan County,MO,1,,,
1580,29143,New Madrid County,MO,1,,,
1581,29145,Newton County,MO,1,,,
1582,29147,Nodaway County,MO,1,,,
1583,29149,Oregon County,MO,1,,,
1584,29151,Osage County,MO,1,,,
1585,29153,Ozark County,MO,1,,,
1586,29155,Pemiscot County,MO,1,,,
1587,29157,Perry County,MO,1,,,
1588,29159,Pettis County,MO,1,,,
1589,29161,Phelps County,MO,1,,,
1590,29163,Pike County,MO,1,,,
1591,29165,Platte County,MO,1,,,
1592,29167,Polk County,MO,1,,,
1593,29169,Pulaski County,MO,1,,,
1594,29171,Putnam County,MO,1,,,
1595,29173,Ralls County,MO,1,,,
1596,29175,Randolph County,MO,1,,,
1597,29177,Ray County,MO,1,,,
1598,29179,Reynolds County,MO,1,,,
1599,29181,Ripley County,MO,1,,,
1600,29183,St. Charles County,MO,1,,,
1601,29185,St. Clair County,MO,1,,,
1602,29186,Ste. Genevieve County,MO,1,,,
1603,29187,St. Francois County,MO,1,,,
1604,29189,St. Louis County,MO,1,,,
1605,29195,Saline County,MO,1,,,
1606,29197,Schuyler County,MO,1,,,
1607,29199,Scotland County,MO,1,,,
1608,29201,Scott County,MO,1,,,
1609,29203,Shannon County,MO,1,,,
1610,29205,Shelby County,MO,1,,,
1611,29207,Stoddard County,MO,1,,,
1612,29209,Stone County,MO,1,,,
1613,29211,Sullivan County,MO,1,,,
1614,29213,Taney County,MO,1,,,
1615,29215,Texas County,MO,1,,,
1616,29217,Vernon County,MO,1,,,
1617,29219,Warren County,MO,1,,,
1618,29221,Washington County,MO,1,,,
1619,29223,Wayne County,MO,1,,,
1620,29225,Webster County,MO,1,,,
1621,29227,Worth County,MO,1,,,
1622,29229,Wright County,MO,1,,,
1623,29510,St. Louis city,MO,1,,,
1624,30000,MONTANA,,1,,,
1625,30001,Beaverhead County,MT,1,,,
1626,30003,Big Horn County,MT,1,,,
1627,30005,Blaine County,MT,1,,,
1628,30007,Broadwater County,MT,1,,,
1629,30009,Carbon County,MT,1,,,
1630,30011,Carter County,MT,1,,,
1631,30013,Cascade County,MT,1,,,
1632,30015,Chouteau County,MT,1,,,
1633,30017,Custer County,MT,1,,,
1634,30019,Daniels County,MT,1,,,
1635,30021,Dawson County,MT,1,,,
1636,30023,Deer Lodge County,MT,1,,,
1637,30025,Fallon County,MT,1,,,
1638,30027,Fergus County,MT,1,,,
1639,30029,Flathead County,MT,1,,,
1640,30031,Gallatin County,MT,1,,,
1641,30033,Garfield County,MT,1,,,
1642,30035,Glacier County,MT,1,,,
1643,30037,Golden Valley County,MT,1,,,
1644,30039,Granite County,MT,1,,,
1645,30041,Hill County,MT,1,,,
1646,30043,Jefferson County,MT,1,,,
1647,30045,Judith Basin County,MT,1,,,
1648,30047,Lake County,MT,1,,,
1649,30049,Lewis and Clark County,MT,1,,,
1650,30051,Liberty County,MT,1,,,
1651,30053,Lincoln County,MT,1,,,
1652,30055,McCone County,MT,1,,,
1653,30057,Madison County,MT,1,,,
1654,30059,Meagher County,MT,1,,,
1655,30061,Mineral County,MT,1,,,
1656,30063,Missoula County,MT,1,,,
1657,30065,Musselshell County,MT,1,,,
1658,30067,Park County,MT,1,,,
1659,30069,Petroleum County,MT,1,,,
1660,30071,Phillips County,MT,1,,,
1661,30073,Pondera County,MT,1,,,
1662,30075,Powder River County,MT,1,,,
1663,30077,Powell County,MT,1,,,
1664,30079,Prairie County,MT,1,,,
1665,30081,Ravalli County,MT,1,,,
1666,30083,Richland County,MT,1,,,
1667,30085,Roosevelt County,MT,1,,,
1668,30087,Rosebud County,MT,1,,,
1669,30089,Sanders County,MT,1,,,
1670,30091,Sheridan County,MT,1,,,
1671,30093,Silver Bow County,MT,1,,,
1672,30095,Stillwater County,MT,1,,,
1673,30097,Sweet Grass County,MT,1,,,
1674,30099,Teton County,MT,1,,,
1675,30101,Toole County,MT,1,,,
1676,30103,Treasure County,MT,1,,,
1677,30105,Valley County,MT,1,,,
1678,30107,Wheatland County,MT,1,,,
1679,30109,Wibaux County,MT,1,,,
1680,30111,Yellowstone County,MT,1,,,
1681,31000,NEBRASKA,,1,,,
1682,31001,Adams County,NE,1,,,
1683,31003,Antelope County,NE,1,,,
1684,31005,Arthur County,NE,1,,,
1685,31007,Banner County,NE,1,,,
1686,31009,Blaine County,NE,1,,,
1687,31011,Boone County,NE,1,,,
1688,31013,Box Butte County,NE,1,,,
1689,31015,Boyd County,NE,1,,,
1690,31017,Brown County,NE,1,,,
1691,31019,Buffalo County,NE,1,,,
1692,31021,Burt County,NE,1,,,
1693,31023,Butler County,NE,1,,,
1694,31025,Cass County,NE,1,,,
1695,31027,Cedar County,NE,1,,,
1696,31029,Chase County,NE,1,,,
1697,31031,Cherry County,NE,1,,,
1698,31033,Cheyenne County,NE,1,,,
1699,31035,Clay County,NE,1,,,
1700,31037,Colfax County,NE,1,,,
1701,31039,Cuming County,NE,1,,,
1702,31041,Custer County,NE,1,,,
1703,31043,Dakota County,NE,1,,,
1704,31045,Dawes County,NE,1,,,
1705,31047,Dawson County,NE,1,,,
1706,31049,Deuel County,NE,1,,,
1707,31051,Dixon County,NE,1,,,
1708,31053,Dodge County,NE,1,,,
1709,31055,Douglas County,NE,1,,,
1710,31057,Dundy County,NE,1,,,
1711,31059,Fillmore County,NE,1,,,
1712,31061,Franklin County,NE,1,,,
1713,31063,Frontier County,NE,1,,,
1714,31065,Furnas County,NE,1,,,
1715,31067,Gage County,NE,1,,,
1716,31069,Garden County,NE,1,,,
1717,31071,Garfield County,NE,1,,,
1718,31073,Gosper County,NE,1,,,
1719,31075,Grant County,NE,1,,,
1720,31077,Greeley County,NE,1,,,
1721,31079,Hall County,NE,1,,,
1722,31081,Hamilton County,NE,1,,,
1723,31083,Harlan County,NE,1,,,
1724,31085,Hayes County,NE,1,,,
1725,31087,Hitchcock County,NE,1,,,
1726,31089,Holt County,NE,1,,,
1727,31091,Hooker County,NE,1,,,
1728,31093,Howard County,NE,1,,,
1729,31095,Jefferson County,NE,1,,,
1730,31097,Johnson County,NE,1,,,
1731,31099,Kearney County,NE,1,,,
1732,31101,Keith County,NE,1,,,
1733,31103,Keya Paha County,NE,1,,,
1734,31105,Kimball County,NE,1,,,
1735,31107,Knox County,NE,1,,,
1736,31109,Lancaster County,NE,1,,,
1737,31111,Lincoln County,NE,1,,,
1738,31113,Logan County,NE,1,,,
1739,31115,Loup County,NE,1,,,
1740,31117,McPherson County,NE,1,,,
1741,31119,Madison County,NE,1,,,
1742,31121,Merrick County,NE,1,,,
1743,31123,Morrill County,NE,1,,,
1744,31125,Nance County,NE,1,,,
1745,31127,Nemaha County,NE,1,,,
1746,31129,Nuckolls County,NE,1,,,
1747,31131,Otoe County,NE,1,,,
1748,31133,Pawnee County,NE,1,,,
1749,31135,Perkins County,NE,1,,,
1750,31137,Phelps County,NE,1,,,
1751,31139,Pierce County,NE,1,,,
1752,31141,Platte County,NE,1,,,
1753,31143,Polk County,NE,1,,,
1754,31145,Red Willow County,NE,1,,,
1755,31147,Richardson County,NE,1,,,
1756,31149,Rock County,NE,1,,,
1757,31151,Saline County,NE,1,,,
1758,31153,Sarpy County,NE,1,,,
1759,31155,Saunders County,NE,1,,,
1760,31157,Scotts Bluff County,NE,1,,,
1761,31159,Seward County,NE,1,,,
1762,31161,Sheridan County,NE,1,,,
1763,31163,Sherman County,NE,1,,,
1764,31165,Sioux County,NE,1,,,
1765,31167,Stanton County,NE,1,,,
1766,31169,Thayer County,NE,1,,,
1767,31171,Thomas County,NE,1,,,
1768,31173,Thurston County,NE,1,,,
1769,31175,Valley County,NE,1,,,
1770,31177,Washington County,NE,1,,,
1771,31179,Wayne County,NE,1,,,
1772,31181,Webster County,NE,1,,,
1773,31183,Wheeler County,NE,1,,,
1774,31185,York County,NE,1,,,
1775,32000,NEVADA,,1,,,
1776,32001,Churchill County,NV,1,,,
1777,32003,Clark County,NV,1,,,
1778,32005,Douglas County,NV,1,,,
1779,32007,Elko County,NV,1,,,
1780,32009,Esmeralda County,NV,1,,,
1781,32011,Eureka County,NV,1,,,
1782,32013,Humboldt County,NV,1,,,
1783,32015,Lander County,NV,1,,,
1784,32017,Lincoln County,NV,1,,,
1785,32019,Lyon County,NV,1,,,
1786,32021,Mineral County,NV,1,,,
1787,32023,Nye County,NV,1,,,
1788,32027,Pershing County,NV,1,,,
1789,32029,Storey County,NV,1,,,
1790,32031,Washoe County,NV,1,,,
1791,32033,White Pine County,NV,1,,,
1792,32510,Carson City,NV,1,,,
1793,33000,NEW HAMPSHIRE,,1,,,
1794,33001,Belknap County,NH,1,,,
1795,33003,Carroll County,NH,1,,,
1796,33005,Cheshire County,NH,1,,,
1797,33007,Coos County,NH,1,,,
1798,33009,Grafton County,NH,1,,,
1799,33011,Hillsborough County,NH,1,,,
1800,33013,Merrimack County,NH,1,,,
1801,33015,Rockingham County,NH,1,,,
1802,33017,Strafford County,NH,1,,,
1803,33019,Sullivan County,NH,1,,,
1804,34000,NEW JERSEY,,1,,,
1805,34001,Atlantic County,NJ,1,,,
1806,34003,Bergen County,NJ,1,,,
1807,34005,Burlington County,NJ,1,,,
1808,34007,Camden County,NJ,1,,,
1809,34009,Cape May County,NJ,1,,,
1810,34011,Cumberland County,NJ,1,,,
1811,34013,Essex County,NJ,1,,,
1812,34015,Gloucester County,NJ,1,,,
1813,34017,Hudson County,NJ,1,,,
1814,34019,Hunterdon County,NJ,1,,,
1815,34021,Mercer County,NJ,1,,,
1816,34023,Middlesex County,NJ,1,,,
1817,34025,Monmouth County,NJ,1,,,
1818,34027,Morris County,NJ,1,,,
1819,34029,Ocean County,NJ,1,,,
1820,34031,Passaic County,NJ,1,,,
1821,34033,Salem County,NJ,1,,,
1822,34035,Somerset County,NJ,1,,,
1823,34037,Sussex County,NJ,1,,,
1824,34039,Union County,NJ,1,,,
1825,34041,Warren County,NJ,1,,,
1826,35000,NEW MEXICO,,1,,,
1827,35001,Bernalillo County,NM,1,,,
1828,35003,Catron County,NM,1,,,
1829,35005,Chaves County,NM,1,,,
1830,35006,Cibola County,NM,1,,,
1831,35007,Colfax County,NM,1,,,
1832,35009,Curry County,NM,1,,,
1833,35011,De Baca County,NM,1,,,
1834,35013,Doa Ana County,NM,1,,,
1835,35015,Eddy County,NM,1,,,
1836,35017,Grant County,NM,1,,,
1837,35019,Guadalupe County,NM,1,,,
1838,35021,Harding County,NM,1,,,
1839,35023,Hidalgo County,NM,1,,,
1840,35025,Lea County,NM,1,,,
1841,35027,Lincoln County,NM,1,,,
1842,35028,Los Alamos County,NM,1,,,
1843,35029,Luna County,NM,1,,,
1844,35031,McKinley County,NM,1,,,
1845,35033,Mora County,NM,1,,,
1846,35035,Otero County,NM,1,,,
1847,35037,Quay County,NM,1,,,
1848,35039,Rio Arriba County,NM,1,,,
1849,35041,Roosevelt County,NM,1,,,
1850,35043,Sandoval County,NM,1,,,
1851,35045,San Juan County,NM,1,,,
1852,35047,San Miguel County,NM,1,,,
1853,35049,Santa Fe County,NM,1,,,
1854,35051,Sierra County,NM,1,,,
1855,35053,Socorro County,NM,1,,,
1856,35055,Taos County,NM,1,,,
1857,35057,Torrance County,NM,1,,,
1858,35059,Union County,NM,1,,,
1859,35061,Valencia County,NM,1,,,
1860,36000,NEW YORK,,1,,,
1861,36001,Albany County,NY,1,,,
1862,36003,Allegany County,NY,1,,,
1863,36005,Bronx County,NY,1,,,
1864,36007,Broome County,NY,1,,,
1865,36009,Cattaraugus County,NY,1,,,
1866,36011,Cayuga County,NY,1,,,
1867,36013,Chautauqua County,NY,1,,,
1868,36015,Chemung County,NY,1,,,
1869,36017,Chenango County,NY,1,,,
1870,36019,Clinton County,NY,1,,,
1871,36021,Columbia County,NY,1,,,
1872,36023,Cortland County,NY,1,,,
1873,36025,Delaware County,NY,1,,,
1874,36027,Dutchess County,NY,1,,,
1875,36029,Erie County,NY,1,,,
1876,36031,Essex County,NY,1,,,
1877,36033,Franklin County,NY,1,,,
1878,36035,Fulton County,NY,1,,,
1879,36037,Genesee County,NY,1,,,
1880,36039,Greene County,NY,1,,,
1881,36041,Hamilton County,NY,1,,,
1882,36043,Herkimer County,NY,1,,,
1883,36045,Jefferson County,NY,1,,,
1884,36047,Kings County,NY,1,,,
1885,36049,Lewis County,NY,1,,,
1886,36051,Livingston County,NY,1,,,
1887,36053,Madison County,NY,1,,,
1888,36055,Monroe County,NY,1,,,
1889,36057,Montgomery County,NY,1,,,
1890,36059,Nassau County,NY,1,,,
1891,36061,New York County,NY,1,,,
1892,36063,Niagara County,NY,1,,,
1893,36065,Oneida County,NY,1,,,
1894,36067,Onondaga County,NY,1,,,
1895,36069,Ontario County,NY,1,,,
1896,36071,Orange County,NY,1,,,
1897,36073,Orleans County,NY,1,,,
1898,36075,Oswego County,NY,1,,,
1899,36077,Otsego County,NY,1,,,
1900,36079,Putnam County,NY,1,,,
1901,36081,Queens County,NY,1,,,
1902,36083,Rensselaer County,NY,1,,,
1903,36085,Richmond County,NY,1,,,
1904,36087,Rockland County,NY,1,,,
1905,36089,St. Lawrence County,NY,1,,,
1906,36091,Saratoga County,NY,1,,,
1907,36093,Schenectady County,NY,1,,,
1908,36095,Schoharie County,NY,1,,,
1909,36097,Schuyler County,NY,1,,,
1910,36099,Seneca County,NY,1,,,
1911,36101,Steuben County,NY,1,,,
1912,36103,Suffolk County,NY,1,,,
1913,36105,Sullivan County,NY,1,,,
1914,36107,Tioga County,NY,1,,,
1915,36109,Tompkins County,NY,1,,,
1916,36111,Ulster County,NY,1,,,
1917,36113,Warren County,NY,1,,,
1918,36115,Washington County,NY,1,,,
1919,36117,Wayne County,NY,1,,,
1920,36119,Westchester County,NY,1,,,
1921,36121,Wyoming County,NY,1,,,
1922,36123,Yates County,NY,1,,,
1923,37000,NORTH CAROLINA,,1,,,
1924,37001,Alamance County,NC,1,,,
1925,37003,Alexander County,NC,1,,,
1926,37005,Alleghany County,NC,1,,,
1927,37007,Anson County,NC,1,,,
1928,37009,Ashe County,NC,1,,,
1929,37011,Avery County,NC,1,,,
1930,37013,Beaufort County,NC,1,,,
1931,37015,Bertie County,NC,1,,,
1932,37017,Bladen County,NC,1,,,
1933,37019,Brunswick County,NC,1,,,
1934,37021,Buncombe County,NC,1,,,
1935,37023,Burke County,NC,1,,,
1936,37025,Cabarrus County,NC,1,,,
1937,37027,Caldwell County,NC,1,,,
1938,37029,Camden County,NC,1,,,
1939,37031,Carteret County,NC,1,,,
1940,37033,Caswell County,NC,1,,,
1941,37035,Catawba County,NC,1,,,
1942,37037,Chatham County,NC,1,,,
1943,37039,Cherokee County,NC,1,,,
1944,37041,Chowan County,NC,1,,,
1945,37043,Clay County,NC,1,,,
1946,37045,Cleveland County,NC,1,,,
1947,37047,Columbus County,NC,1,,,
1948,37049,Craven County,NC,1,,,
1949,37051,Cumberland County,NC,1,,,
1950,37053,Currituck County,NC,1,,,
1951,37055,Dare County,NC,1,,,
1952,37057,Davidson County,NC,1,,,
1953,37059,Davie County,NC,1,,,
1954,37061,Duplin County,NC,1,,,
1955,37063,Durham County,NC,1,,,
1956,37065,Edgecombe County,NC,1,,,
1957,37067,Forsyth County,NC,1,,,
1958,37069,Franklin County,NC,1,,,
1959,37071,Gaston County,NC,1,,,
1960,37073,Gates County,NC,1,,,
1961,37075,Graham County,NC,1,,,
1962,37077,Granville County,NC,1,,,
1963,37079,Greene County,NC,1,,,
1964,37081,Guilford County,NC,1,,,
1965,37083,Halifax County,NC,1,,,
1966,37085,Harnett County,NC,1,,,
1967,37087,Haywood County,NC,1,,,
1968,37089,Henderson County,NC,1,,,
1969,37091,Hertford County,NC,1,,,
1970,37093,Hoke County,NC,1,,,
1971,37095,Hyde County,NC,1,,,
1972,37097,Iredell County,NC,1,,,
1973,37099,Jackson County,NC,1,,,
1974,37101,Johnston County,NC,1,,,
1975,37103,Jones County,NC,1,,,
1976,37105,Lee County,NC,1,,,
1977,37107,Lenoir County,NC,1,,,
1978,37109,Lincoln County,NC,1,,,
1979,37111,McDowell County,NC,1,,,
1980,37113,Macon County,NC,1,,,
1981,37115,Madison County,NC,1,,,
1982,37117,Martin County,NC,1,,,
1983,37119,Mecklenburg County,NC,1,,,
1984,37121,Mitchell County,NC,1,,,
1985,37123,Montgomery County,NC,1,,,
1986,37125,Moore County,NC,1,,,
1987,37127,Nash County,NC,1,,,
1988,37129,New Hanover County,NC,1,,,
1989,37131,Northampton County,NC,1,,,
1990,37133,Onslow County,NC,1,,,
1991,37135,Orange County,NC,1,,,
1992,37137,Pamlico County,NC,1,,,
1993,37139,Pasquotank County,NC,1,,,
1994,37141,Pender County,NC,1,,,
1995,37143,Perquimans County,NC,1,,,
1996,37145,Person County,NC,1,,,
1997,37147,Pitt County,NC,1,,,
1998,37149,Polk County,NC,1,,,
1999,37151,Randolph County,NC,1,,,